,user_id,merchant_id,label
0,242832,4043,0
1,43935,4079,0
2,274848,293,0
3,228408,914,0
4,348868,467,0
5,314572,4270,0
6,376270,2916,0
7,377599,191,0
8,389131,2447,0
9,389131,416,0
10,146224,1538,0
11,288998,1346,0
12,292379,3734,0
13,333626,3424,0
14,333626,2630,0
15,268622,3609,0
16,69333,3854,0
17,100068,3855,0
18,72996,3794,0
19,61230,3965,1
20,355783,2639,0
21,402388,1377,0
22,402388,1102,0
23,60596,2981,0
24,269985,798,0
25,365661,3420,0
26,380019,337,0
27,96706,2217,0
28,146731,4072,0
29,12139,386,1
30,267388,4789,0
31,302579,1704,0
32,230277,4933,0
33,316116,1707,0
34,242172,1833,0
35,283707,722,0
36,321102,588,0
37,416862,3319,0
38,185746,4818,0
39,395485,3578,0
40,85946,4718,0
41,68804,4394,0
42,98306,4966,0
43,145922,2668,0
44,416925,4195,0
45,416925,3230,0
46,157623,2669,0
47,244953,4580,0
48,384801,236,0
49,42609,1760,0
50,171412,2537,0
51,260884,4270,0
52,35188,416,0
53,35188,1738,0
54,350000,4405,0
55,261743,141,0
56,412953,2273,0
57,125763,4287,0
58,125763,1892,0
59,71818,860,1
60,143815,2856,0
61,80587,2284,0
62,208888,3826,0
63,208888,2031,0
64,208888,503,0
65,302350,1557,0
66,294080,1639,0
67,294080,611,0
68,212954,1704,0
69,159761,1322,0
70,85598,415,0
71,79229,1272,0
72,105897,2161,0
73,239574,4427,0
74,61947,951,0
75,271155,71,0
76,333636,4450,0
77,367446,1939,0
78,394645,4818,0
79,375250,740,0
80,384754,3794,0
81,80923,4847,0
82,397852,4847,0
83,284284,4789,0
84,368825,2318,0
85,304916,1031,0
86,292382,2928,0
87,84773,1270,0
88,180702,2928,0
89,243195,1506,0
90,192633,1353,0
91,150217,1102,0
92,244774,2618,0
93,344431,856,0
94,361757,2397,0
95,210797,4234,0
96,315309,4710,0
97,219141,4044,0
98,219141,2537,0
99,219141,1481,0
100,68866,2068,1
101,363322,4265,0
102,3149,4173,0
103,3149,1816,0
104,88679,4282,0
105,88679,3102,1
106,359112,4993,0
107,135669,1203,0
108,139516,4079,0
109,276508,4760,0
110,184865,1557,0
111,188789,2609,0
112,188789,3258,1
113,364419,4762,0
114,364419,1166,0
115,178830,877,1
116,133527,1724,0
117,14589,2284,0
118,345369,141,0
119,345369,1878,0
120,249201,2793,0
121,98524,3323,0
122,1561,598,0
123,370537,3971,0
124,284648,2031,0
125,219755,4249,0
126,363651,4738,0
127,1675,1502,0
128,145579,3646,0
129,101563,2099,0
130,333001,4143,1
131,157412,1168,0
132,157412,1588,0
133,72167,977,0
134,258851,2257,0
135,155228,1487,0
136,368,1345,0
137,364206,3637,0
138,230598,503,0
139,230598,2891,0
140,87774,4044,0
141,283359,1667,0
142,98571,2935,0
143,55317,4979,0
144,207906,2273,0
145,170073,2031,0
146,108682,2303,0
147,108682,1608,0
148,244468,4744,1
149,389908,3828,0
150,237079,1495,0
151,139184,3734,1
152,109628,3152,1
153,109628,2608,0
154,52884,4209,0
155,386010,2954,0
156,386010,3889,0
157,386556,4499,0
158,386556,3013,0
159,357198,1437,0
160,357198,653,0
161,96114,2928,1
162,419629,1111,0
163,21140,2435,0
164,21140,2459,0
165,291365,98,0
166,291365,2482,0
167,291365,2613,0
168,65330,3472,0
169,29525,3271,0
170,159690,1724,0
171,159690,3577,1
172,145422,1679,0
173,417591,1200,0
174,163138,1899,0
175,254068,2537,0
176,123605,1557,0
177,123605,1618,0
178,97541,1499,1
179,97541,102,0
180,337529,1884,0
181,258726,1816,0
182,66729,3971,0
183,133569,4368,0
184,118584,2025,0
185,4155,24,0
186,279946,3961,0
187,192421,4282,0
188,251581,121,0
189,257293,4659,0
190,96016,459,0
191,404767,1742,0
192,340795,1943,0
193,418117,1875,0
194,332107,1501,0
195,272998,4504,0
196,252842,1520,0
197,70847,606,0
198,70847,1840,0
199,70847,4079,0
200,65519,598,0
201,48902,426,0
202,85061,4336,0
203,164538,1703,0
204,164538,1677,0
205,406284,4043,1
206,42282,1272,0
207,210492,205,0
208,297226,4394,0
209,307486,625,0
210,307486,4248,0
211,331069,905,0
212,32890,4403,0
213,15332,1073,0
214,204005,4876,0
215,332712,4648,0
216,198330,1352,0
217,387543,3734,0
218,226098,606,0
219,409510,4601,0
220,409510,3200,0
221,158542,1833,0
222,418405,1618,0
223,187793,3826,0
224,281783,127,0
225,240140,361,0
226,207167,4129,0
227,221792,804,0
228,221792,1346,0
229,221792,2236,0
230,221792,4513,0
231,221792,4926,0
232,221792,2640,0
233,364901,2435,0
234,356711,3205,0
235,356711,4760,0
236,362883,1840,0
237,398757,416,0
238,179133,148,0
239,124386,684,0
240,383472,4282,0
241,383472,2681,0
242,383472,3734,0
243,383472,598,0
244,53874,4079,0
245,402337,4739,0
246,402337,742,0
247,242653,1310,0
248,242653,861,0
249,421867,1298,0
250,144904,1096,0
251,390994,1056,0
252,36445,302,0
253,344510,1966,0
254,5642,630,0
255,5642,323,0
256,302690,4919,0
257,5756,1923,0
258,175779,4405,0
259,163239,2047,0
260,416181,3851,0
261,273849,3350,0
262,341865,2277,0
263,184735,4718,0
264,309685,1102,0
265,287413,3734,1
266,134719,1213,0
267,120943,4044,0
268,336017,4282,0
269,197090,141,0
270,293903,3668,0
271,175121,747,0
272,240146,4044,0
273,240146,416,0
274,50237,412,0
275,293231,4044,0
276,293231,1340,0
277,293231,152,0
278,138438,962,0
279,301029,742,0
280,300828,120,0
281,153885,467,0
282,289824,3545,0
283,279075,4048,0
284,404271,467,0
285,382269,4280,0
286,6040,3472,0
287,348376,3853,0
288,237304,4042,0
289,423436,2473,0
290,169831,1693,0
291,336247,4976,1
292,336247,4067,0
293,197522,3420,0
294,150947,1621,0
295,150947,586,0
296,423845,2318,0
297,7895,783,0
298,366692,1102,0
299,195182,3593,0
300,104051,4860,0
301,154365,4499,0
302,29223,588,0
303,342570,1840,0
304,342570,2928,0
305,282717,4079,0
306,337014,2583,0
307,56479,3955,0
308,225559,2273,0
309,294697,1708,0
310,231466,3784,0
311,131173,4374,0
312,412374,3170,0
313,412374,4976,1
314,66849,3734,0
315,292941,2954,1
316,417169,3472,0
317,68530,1742,0
318,68530,10,0
319,68530,773,0
320,68530,1724,0
321,169352,3191,0
322,221171,1742,0
323,221171,606,0
324,221171,4044,0
325,221171,4427,0
326,52820,3469,0
327,369324,4048,0
328,369324,1102,0
329,369324,4173,0
330,304629,1594,0
331,304629,4966,0
332,305445,4648,0
333,63139,336,0
334,63139,3936,0
335,83620,4950,0
336,357811,3794,1
337,45112,1520,0
338,382036,4438,0
339,130903,606,0
340,147089,361,0
341,373475,46,0
342,171761,1632,0
343,264204,3225,0
344,303891,3323,1
345,22080,3971,0
346,240459,1393,0
347,137586,4322,0
348,358048,2664,0
349,184021,1618,0
350,295432,2277,0
351,387085,1102,1
352,373522,3936,1
353,53492,2173,0
354,221954,3200,0
355,165419,3875,0
356,49887,1742,0
357,245835,2403,0
358,337825,1495,0
359,191437,3098,0
360,229597,4545,0
361,28180,3955,0
362,406624,1131,0
363,235618,2435,0
364,235618,2447,0
365,310894,4044,0
366,187271,3472,0
367,67250,1200,0
368,260834,951,0
369,100094,1056,0
370,209195,3460,0
371,209195,2244,0
372,209195,4842,0
373,125021,2284,0
374,60008,3129,0
375,179054,1272,0
376,412749,3205,0
377,186265,2821,0
378,399520,590,0
379,342178,3335,0
380,257701,2856,0
381,257701,3843,0
382,397270,4044,0
383,397270,1923,0
384,123166,2721,0
385,18332,2669,0
386,231617,2436,0
387,231617,503,0
388,182264,141,0
389,92219,2900,0
390,319568,2794,0
391,319568,1547,0
392,319568,3968,0
393,294225,4048,0
394,244618,275,1
395,76687,3828,0
396,72994,3578,0
397,72994,1840,0
398,146819,4368,0
399,365267,4850,1
400,365267,4394,0
401,365267,323,0
402,275763,3541,0
403,288235,3623,0
404,262261,317,0
405,27050,2618,0
406,276758,20,0
407,413738,1526,0
408,286929,4636,0
409,261085,2790,0
410,212017,3022,0
411,36934,1890,0
412,24436,2928,0
413,62102,2473,0
414,62102,3734,0
415,226991,3828,0
416,412538,4371,0
417,415868,2537,1
418,50367,2356,0
419,175573,4811,0
420,29263,3619,0
421,29263,323,0
422,29263,1000,0
423,397364,1472,1
424,134459,3898,0
425,89465,4026,0
426,146865,322,0
427,73747,1618,0
428,3728,2630,0
429,343724,4558,0
430,391664,1272,0
431,63071,1704,0
432,228477,474,0
433,66214,2935,0
434,221278,134,0
435,80513,4281,0
436,233111,2173,0
437,117449,2047,0
438,419069,4427,0
439,31241,3897,0
440,251811,4394,0
441,49323,3844,0
442,250704,1742,0
443,153702,4733,0
444,300405,2047,1
445,103312,1968,0
446,141586,4659,0
447,360857,3319,0
448,360857,3609,0
449,212216,1618,0
450,267773,4756,0
451,232253,3578,0
452,389547,255,0
453,313155,3455,1
454,153939,1000,0
455,92004,3230,0
456,188362,2592,0
457,402151,2954,0
458,387476,1851,0
459,387476,3968,0
460,340640,4388,0
461,217865,3075,0
462,377354,4427,0
463,190668,4025,0
464,190668,4955,0
465,2823,3710,0
466,310536,1755,0
467,308499,2928,0
468,391464,1370,0
469,349512,2653,0
470,132280,3965,0
471,335095,2014,0
472,315074,721,0
473,204995,2613,0
474,183533,98,0
475,148997,3635,0
476,149339,3820,1
477,369801,1393,1
478,419649,3502,0
479,419649,474,0
480,128619,845,0
481,85636,4765,0
482,398014,2006,0
483,411646,2193,0
484,48302,3545,0
485,113681,3460,0
486,161054,1079,0
487,201512,2821,0
488,285998,4450,0
489,169781,3289,0
490,120650,1760,0
491,131478,4494,0
492,131478,2031,0
493,179404,168,0
494,179404,962,0
495,76792,2556,0
496,76792,416,0
497,219536,4322,0
498,219536,586,0
499,170264,3291,0
500,105002,4282,0
501,159366,1885,0
502,111543,2099,0
503,256974,598,0
504,258288,4554,0
505,297018,652,1
506,153174,4474,0
507,355261,2217,0
508,87121,608,0
509,87121,308,0
510,280420,3230,0
511,328445,2236,0
512,129569,2217,0
513,129569,4090,0
514,116528,3602,0
515,32145,1346,0
516,399855,4044,1
517,302085,2217,0
518,302085,1565,0
519,375600,24,0
520,375600,4463,0
521,69772,1679,0
522,319396,695,0
523,25867,3780,0
524,204898,2928,0
525,26840,4414,0
526,139742,608,0
527,139742,1074,1
528,91628,1393,0
529,91628,2654,0
530,292910,3938,0
531,289367,1892,0
532,165752,4322,0
533,165752,4966,0
534,360615,1272,0
535,385722,1659,0
536,385722,3152,0
537,305688,3635,0
538,209730,2006,0
539,202839,2138,0
540,199402,1816,0
541,197101,1353,0
542,224752,3828,0
543,354076,547,0
544,354076,4209,0
545,172897,1102,0
546,160673,2241,0
547,243635,3965,0
548,41489,3689,0
549,41489,1892,0
550,23402,4992,0
551,289227,2124,0
552,289227,4368,0
553,90483,747,0
554,80260,3168,0
555,265921,1650,0
556,66037,963,0
557,66037,2537,0
558,269692,3875,1
559,15002,198,0
560,261677,4508,0
561,399704,4442,0
562,40215,120,0
563,140971,1272,0
564,113947,3536,0
565,168805,4585,1
566,232115,3444,0
567,275771,4764,0
568,40908,3152,0
569,40908,3635,0
570,40908,1500,0
571,12768,1074,0
572,206085,3065,0
573,37425,2545,0
574,87870,1310,0
575,87870,2592,0
576,120211,4585,0
577,42943,2031,0
578,407054,2721,0
579,65825,1679,0
580,298817,3205,0
581,133818,4427,0
582,39612,1427,0
583,107859,4835,0
584,154978,3042,0
585,82175,3578,0
586,200525,3619,0
587,408519,598,0
588,191697,4687,0
589,423936,4818,1
590,40965,2217,0
591,105855,3349,0
592,139190,474,0
593,95948,3205,0
594,18521,645,0
595,51566,738,0
596,51566,4791,1
597,182715,4079,0
598,21522,596,0
599,37422,3623,0
600,413511,4454,0
601,197733,4976,0
602,284566,2537,0
603,247522,977,0
604,422503,141,0
605,117112,968,1
606,226442,548,0
607,283682,4976,0
608,161594,1000,0
609,255332,2122,0
610,255332,778,0
611,348029,3236,0
612,394408,4605,0
613,59578,4542,0
614,59578,3349,0
615,59578,1272,0
616,33739,2537,0
617,374684,588,0
618,374684,1378,0
619,374684,3472,1
620,96779,4427,0
621,187457,1162,0
622,259145,2928,0
623,259145,2144,0
624,315995,4050,0
625,218004,2294,0
626,154299,1393,0
627,254475,4173,0
628,97335,798,0
629,221620,3828,0
630,221620,4401,0
631,221620,742,0
632,244723,1500,0
633,359203,4885,0
634,125831,2435,0
635,153743,1784,0
636,381627,1246,0
637,193068,1142,0
638,5967,4057,0
639,277098,4143,0
640,277098,4949,1
641,277098,803,0
642,126063,4733,0
643,191641,4858,0
644,22243,289,0
645,22243,467,0
646,381326,4744,0
647,10937,3080,0
648,10937,2521,0
649,40682,3826,0
650,40682,2170,0
651,287625,2221,0
652,188311,3828,0
653,200416,343,0
654,200416,3363,0
655,309766,2482,0
656,331354,3728,0
657,337243,3205,0
658,84653,3828,0
659,84653,4764,1
660,84653,4840,0
661,141758,2883,0
662,171776,4535,0
663,69941,2523,0
664,89043,1678,0
665,154176,3984,0
666,151902,2664,0
667,151902,4408,0
668,66709,490,0
669,146387,4992,1
670,317681,2537,0
671,399629,3828,0
672,118574,587,0
673,269399,1102,0
674,272471,4198,0
675,199101,897,0
676,199101,4942,1
677,384240,3399,0
678,162339,2099,0
679,162339,1102,0
680,123535,1298,0
681,123535,148,0
682,31231,3159,0
683,423208,1467,0
684,412204,3471,0
685,348238,3843,0
686,178516,4039,0
687,178516,3363,0
688,189227,3525,0
689,119111,2981,0
690,119111,2217,0
691,169808,2436,0
692,57428,4271,0
693,352355,1126,0
694,308121,1283,0
695,308121,641,0
696,322782,1203,0
697,322782,4985,0
698,14637,4667,0
699,130644,1703,0
700,105054,2988,0
701,105054,742,0
702,40621,2683,0
703,394285,2981,0
704,12880,588,1
705,264170,4601,0
706,65433,4525,0
707,65433,246,0
708,60432,2031,0
709,60432,66,0
710,77337,798,0
711,213543,308,0
712,290953,2639,0
713,291637,3828,0
714,392272,3828,0
715,137321,4584,0
716,189402,4143,0
717,186660,2876,0
718,204712,1346,0
719,251777,1049,0
720,251777,1529,0
721,362828,2579,0
722,147705,2849,0
723,410406,3350,0
724,184689,2099,0
725,184689,4919,0
726,241897,3472,0
727,39658,1916,0
728,360743,1760,0
729,139188,1892,0
730,94191,1884,0
731,94191,3734,0
732,305184,4789,0
733,202362,4768,0
734,214653,1056,0
735,116902,4978,0
736,88108,3291,0
737,98170,1495,0
738,390594,4760,0
739,239304,4426,0
740,228150,3230,0
741,362361,1272,0
742,332419,4545,0
743,51370,1892,0
744,51370,4049,1
745,230062,215,0
746,332536,1892,0
747,199678,4768,0
748,199678,4280,0
749,84313,4044,0
750,406958,4340,0
751,406958,4336,0
752,357305,1659,0
753,357305,10,0
754,104441,4919,0
755,342599,2995,0
756,304515,3484,0
757,54723,1484,0
758,193506,1322,1
759,193506,902,0
760,331561,500,0
761,165644,2537,0
762,338549,570,0
763,173148,395,0
764,116137,2051,0
765,283618,4687,0
766,358429,1213,0
767,396604,4697,0
768,191071,2193,0
769,191071,3022,0
770,79480,1501,0
771,119885,4730,0
772,119885,107,0
773,149594,3971,0
774,239508,2031,0
775,178182,4427,0
776,248082,3938,0
777,114714,4044,0
778,114714,1026,0
779,419133,4225,0
780,374865,4554,0
781,319062,3484,0
782,345963,396,0
783,345963,3640,0
784,105967,3702,1
785,116479,203,0
786,125315,3471,0
787,52181,4044,0
788,336671,514,0
789,28214,4444,0
790,186333,4090,0
791,243300,794,0
792,341161,786,0
793,412099,2712,0
794,42472,1618,0
795,314347,742,0
796,352840,323,0
797,272482,594,0
798,337559,798,0
799,372437,3095,0
800,107810,1721,1
801,157608,1071,0
802,157608,4926,0
803,241200,4926,0
804,241200,3941,0
805,241200,3351,0
806,166390,3791,0
807,386504,3531,0
808,369110,643,0
809,107738,2217,0
810,150657,2856,0
811,9357,2173,0
812,244644,3271,0
813,244644,4079,0
814,265476,4090,0
815,215343,2066,0
816,87847,4044,0
817,319027,731,0
818,331837,4850,0
819,3683,2424,0
820,128102,2242,0
821,128102,3941,0
822,337566,3578,0
823,337566,1833,0
824,82680,503,0
825,82680,4438,0
826,90660,296,1
827,90660,1556,0
828,90660,222,0
829,372033,378,0
830,372033,3819,0
831,99705,4083,0
832,310481,4044,0
833,162602,1187,0
834,101681,361,0
835,409151,4987,0
836,357479,2630,0
837,421794,1500,0
838,368307,3619,0
839,368307,3472,0
840,365859,3350,0
841,315204,4173,0
842,71022,416,0
843,184729,276,0
844,290287,4585,0
845,148249,3826,0
846,148249,3068,0
847,69436,2721,0
848,60572,4760,0
849,282020,1346,0
850,162470,474,0
851,77246,3635,0
852,17183,1963,0
853,78122,806,0
854,328259,4966,0
855,378998,748,0
856,378998,4492,0
857,365481,4722,0
858,123600,1895,0
859,384552,4992,0
860,61117,2562,0
861,397552,2791,0
862,380419,4044,0
863,322585,1489,0
864,194359,2482,0
865,334562,3173,0
866,243491,3471,0
867,243491,2709,0
868,334464,4170,0
869,85131,2721,0
870,295887,4042,0
871,24300,4044,0
872,81723,2669,0
873,74055,3990,0
874,387991,2746,0
875,64921,4157,0
876,51487,3541,0
877,257344,508,0
878,105028,323,0
879,105028,346,0
880,406642,590,0
881,291734,4131,0
882,412868,3306,0
883,30701,1840,0
884,413762,1861,0
885,413762,4048,0
886,413762,1168,0
887,195398,2124,0
888,313542,1850,0
889,2652,4388,0
890,2652,1895,0
891,175737,3571,0
892,185803,4847,1
893,364654,1760,0
894,364654,3609,0
895,366964,3835,0
896,160916,1679,0
897,126695,3622,0
898,55796,963,0
899,348419,586,0
900,348419,1056,0
901,106292,4043,0
902,365651,503,0
903,371033,606,1
904,97263,4933,0
905,53286,4042,0
906,10282,3828,0
907,407036,4976,0
908,47930,2891,0
909,47930,3323,1
910,37436,3635,0
911,318272,4783,0
912,47192,2664,0
913,318081,320,0
914,101535,2284,0
915,101535,3910,0
916,287406,2232,0
917,364995,4730,0
918,283356,474,0
919,168729,4966,0
920,313117,3418,0
921,255028,3108,0
922,337264,3420,0
923,337264,4170,0
924,319348,798,0
925,319348,2,0
926,322171,4048,0
927,254865,2283,0
928,409521,1536,0
929,264201,3657,0
930,141106,4585,0
931,220076,3323,0
932,43736,1332,0
933,274454,586,0
934,274454,643,0
935,167018,4605,0
936,66422,3323,0
937,73368,2180,0
938,398508,4847,0
939,386493,481,0
940,386493,4847,0
941,172518,4368,0
942,172518,1131,0
943,397170,390,0
944,281059,4090,0
945,101264,2721,0
946,145055,503,0
947,34979,3536,1
948,96017,310,0
949,104082,437,0
950,335004,4607,0
951,140979,4670,0
952,258345,2273,0
953,243088,1340,0
954,243088,3828,0
955,319903,1890,0
956,352930,963,0
957,399082,4043,0
958,306670,1748,0
959,94462,3828,1
960,94462,4947,0
961,187918,361,0
962,187918,2452,1
963,886,1673,0
964,399851,3473,0
965,383738,311,0
966,263531,3460,0
967,174378,3828,0
968,294805,2928,0
969,294805,4131,0
970,173734,1203,0
971,173734,1800,0
972,259252,1346,1
973,336880,1833,0
974,316939,946,0
975,224020,1892,0
976,365189,1016,0
977,365189,1301,0
978,410783,4705,1
979,424034,1679,0
980,328596,1900,0
981,328596,2546,0
982,286512,1274,0
983,56230,4589,0
984,172201,1840,0
985,172201,3990,0
986,305599,4368,0
987,223552,71,0
988,231505,2569,0
989,253610,1166,0
990,86735,730,0
991,332258,2928,0
992,217322,1346,0
993,18737,4048,0
994,359015,4850,0
995,28878,3085,0
996,28878,2928,0
997,28878,1861,0
998,220635,3320,0
999,85675,1816,1
1000,176107,2397,0
1001,316486,2141,0
1002,316486,777,1
1003,327283,4960,0
1004,220814,1749,1
1005,270998,1963,0
1006,225947,4979,0
1007,394676,4022,0
1008,137189,1346,0
1009,39509,3445,0
1010,317537,4976,0
1011,355212,1102,0
1012,355212,2273,0
1013,190608,4079,0
1014,97680,127,0
1015,20211,3230,0
1016,20211,2026,0
1017,261468,4558,0
1018,261468,141,0
1019,353170,2936,0
1020,205003,4282,0
1021,205003,2102,0
1022,122416,1514,0
1023,247678,868,0
1024,109493,608,0
1025,59858,2482,0
1026,98552,1427,0
1027,357906,3310,0
1028,146457,3163,0
1029,385098,2883,0
1030,290695,1713,1
1031,290695,570,0
1032,227314,1512,0
1033,20038,2954,0
1034,252760,1679,0
1035,252760,643,0
1036,252760,1187,0
1037,252760,1346,0
1038,252760,4966,0
1039,198131,3349,0
1040,313883,586,0
1041,310637,1412,0
1042,310637,2821,0
1043,284838,1487,0
1044,255429,2026,0
1045,255429,3444,0
1046,357378,4282,0
1047,117783,4554,0
1048,117783,2403,0
1049,117783,1272,1
1050,117783,4508,0
1051,117783,2569,0
1052,236115,1487,0
1053,168537,10,0
1054,168537,4564,0
1055,204184,4647,0
1056,220315,760,0
1057,2278,2746,0
1058,196726,1810,0
1059,400679,4173,0
1060,124275,3941,0
1061,224926,4848,0
1062,399352,2664,0
1063,399352,1102,0
1064,14452,3462,0
1065,420220,1115,0
1066,177752,4471,0
1067,370599,1330,0
1068,83451,2218,0
1069,297051,141,0
1070,160113,3476,0
1071,15043,416,0
1072,45791,4775,0
1073,24143,434,0
1074,316514,4044,1
1075,275901,742,0
1076,181485,3258,0
1077,420138,4072,0
1078,347445,3472,0
1079,209769,4044,0
1080,219779,1000,0
1081,70037,4048,0
1082,70037,3828,0
1083,72380,2579,0
1084,7745,4698,0
1085,406367,1911,0
1086,207722,2693,0
1087,404846,3734,0
1088,70866,2721,0
1089,337911,4926,0
1090,337911,3042,0
1091,262749,598,0
1092,119515,946,0
1093,119515,1150,0
1094,129910,4513,0
1095,129910,2273,0
1096,129910,606,0
1097,129910,361,0
1098,113330,598,1
1099,113330,2099,0
1100,94673,2569,0
1101,94673,2795,0
1102,186095,2161,0
1103,186095,94,0
1104,137355,1384,0
1105,175263,4043,0
1106,305154,4150,0
1107,349522,3206,0
1108,349522,2160,1
1109,349522,1501,0
1110,118001,4618,0
1111,290426,4775,0
1112,394908,1023,0
1113,394908,4504,0
1114,263421,2138,0
1115,263421,1116,0
1116,62629,3531,0
1117,93922,4607,0
1118,335359,1425,0
1119,143318,4173,0
1120,299796,2273,0
1121,208780,4234,0
1122,82078,4083,0
1123,135292,94,0
1124,68030,2051,0
1125,39434,1096,0
1126,39434,3955,0
1127,60303,3693,0
1128,399504,3319,0
1129,119043,3629,0
1130,32022,1659,0
1131,152439,3092,0
1132,179362,503,0
1133,258988,1760,0
1134,60694,4044,0
1135,60694,1742,1
1136,175156,1370,0
1137,354320,3249,0
1138,354320,4808,0
1139,68934,2273,0
1140,192661,121,0
1141,192661,4811,0
1142,192661,4850,0
1143,121003,3734,1
1144,105175,1166,0
1145,105175,1049,0
1146,223486,4463,0
1147,383242,3578,0
1148,61468,257,0
1149,354358,437,0
1150,354358,3893,0
1151,354358,222,0
1152,188251,1167,0
1153,311003,4659,0
1154,203318,2954,0
1155,356972,1618,0
1156,379593,4585,0
1157,333697,1751,0
1158,415126,2856,0
1159,80857,2140,0
1160,348484,4282,0
1161,348484,742,0
1162,243596,41,1
1163,358901,1683,0
1164,358901,2148,0
1165,122873,66,0
1166,271934,4940,0
1167,219716,740,0
1168,140150,3284,0
1169,104481,3161,0
1170,308547,1102,0
1171,327756,1710,1
1172,50416,1555,0
1173,50416,1487,0
1174,50416,2051,0
1175,392758,4558,0
1176,401291,2403,0
1177,188573,3152,0
1178,135584,4569,0
1179,150995,3578,0
1180,150995,2273,0
1181,48522,4926,0
1182,48522,1000,0
1183,190632,4506,0
1184,347835,3063,0
1185,237132,2136,0
1186,396903,2138,0
1187,234099,2318,0
1188,303031,3466,0
1189,197056,1831,1
1190,237001,4724,0
1191,219604,4540,0
1192,219604,3323,0
1193,219604,4291,0
1194,173563,3828,0
1195,173563,2695,0
1196,275008,2397,0
1197,143203,1427,0
1198,171370,4950,0
1199,171370,3614,0
1200,123281,3826,0
1201,123281,2051,0
1202,123281,4718,0
1203,123281,4245,0
1204,298439,698,0
1205,68123,2598,0
1206,43613,72,0
1207,222606,416,0
1208,96186,2036,0
1209,152910,3163,0
1210,315984,2435,0
1211,88680,1861,0
1212,60034,4921,0
1213,102565,1056,0
1214,371251,2569,0
1215,278356,1861,1
1216,394078,606,0
1217,228026,1944,0
1218,352076,4818,0
1219,352076,2318,0
1220,1161,2821,0
1221,362484,4976,0
1222,250926,4026,0
1223,76134,3419,0
1224,235435,366,0
1225,416869,2356,0
1226,416869,2545,0
1227,243049,1247,0
1228,270323,1470,0
1229,48410,963,0
1230,130904,1679,0
1231,384294,4794,0
1232,171321,1618,0
1233,372370,4955,0
1234,201874,2821,0
1235,59626,3622,0
1236,164593,2167,0
1237,139381,1749,0
1238,142055,1724,0
1239,245801,255,0
1240,312929,602,0
1241,28557,3911,0
1242,32965,1186,0
1243,409312,2242,0
1244,409312,962,0
1245,409312,2954,0
1246,409312,4444,0
1247,366562,4760,0
1248,366562,649,0
1249,272128,639,0
1250,104482,4282,0
1251,103033,798,0
1252,281648,1131,0
1253,410420,1659,0
1254,229983,145,0
1255,229983,3159,0
1256,229983,2102,0
1257,229983,4728,0
1258,276550,4938,0
1259,335944,293,0
1260,363604,13,0
1261,354388,2343,0
1262,223157,1999,0
1263,56988,3667,0
1264,339360,2821,0
1265,32973,4793,0
1266,193536,1067,0
1267,44034,1049,0
1268,44034,3163,0
1269,129876,3958,0
1270,129876,121,0
1271,133405,3941,0
1272,133405,1096,0
1273,25975,2691,0
1274,189128,1346,0
1275,328949,2856,0
1276,358430,2928,0
1277,77897,4877,1
1278,266570,4270,1
1279,347996,2928,0
1280,347996,3828,0
1281,318091,1963,0
1282,318091,574,0
1283,245431,586,1
1284,49906,4966,0
1285,142204,492,0
1286,8330,3545,0
1287,8330,685,0
1288,8330,3225,0
1289,8330,3614,0
1290,83348,797,0
1291,267440,2637,0
1292,127943,810,0
1293,408839,614,0
1294,256835,1067,0
1295,136731,3826,0
1296,54481,3623,0
1297,10213,941,0
1298,199429,3766,0
1299,57394,1272,0
1300,57394,255,0
1301,57394,4739,0
1302,57394,951,0
1303,301879,4173,0
1304,365146,2511,0
1305,419434,1618,0
1306,419434,317,0
1307,129671,4607,0
1308,165528,3363,0
1309,97434,3622,1
1310,365844,98,0
1311,295461,1028,0
1312,295461,4648,0
1313,244290,574,0
1314,244290,1851,1
1315,148596,98,0
1316,181374,731,0
1317,124555,4976,0
1318,238609,4403,0
1319,239143,3891,0
1320,100465,3173,0
1321,316055,598,0
1322,353000,1103,0
1323,410858,4607,0
1324,403703,786,0
1325,120842,2204,0
1326,120842,1296,0
1327,271569,4879,0
1328,172245,786,0
1329,322266,3986,0
1330,163872,3092,0
1331,25516,1393,0
1332,68809,3623,1
1333,215149,2204,0
1334,409720,2273,0
1335,87968,4335,0
1336,221093,2711,0
1337,374951,4042,0
1338,151370,4659,0
1339,119490,3835,0
1340,142815,2221,0
1341,178843,361,0
1342,207248,3940,0
1343,207248,3152,0
1344,219281,4864,0
1345,385469,416,0
1346,76802,2128,1
1347,145302,3086,0
1348,261990,3635,0
1349,391032,3448,0
1350,23200,3205,0
1351,23200,2284,0
1352,84235,2138,0
1353,113998,2273,0
1354,113998,4756,0
1355,209882,1892,0
1356,20186,2928,0
1357,284147,3893,0
1358,357389,1661,0
1359,237089,1272,0
1360,233874,4638,0
1361,134262,4374,1
1362,243082,1619,0
1363,266896,3500,0
1364,73189,861,0
1365,199739,1816,0
1366,2933,1370,0
1367,2933,4079,0
1368,342309,1076,0
1369,109979,437,0
1370,189545,4564,0
1371,245136,4985,0
1372,84414,1090,0
1373,258531,793,1
1374,275703,3971,0
1375,185400,2138,0
1376,102808,3476,0
1377,102808,4926,0
1378,136954,2886,0
1379,240922,4336,0
1380,241292,2403,0
1381,241292,3682,0
1382,364955,1276,0
1383,29090,191,0
1384,405674,4050,0
1385,333500,1948,0
1386,274628,3968,0
1387,121094,3474,0
1388,292982,1966,0
1389,273309,4750,0
1390,405924,2403,0
1391,248823,2639,0
1392,419637,1911,0
1393,293688,862,0
1394,324933,3291,0
1395,343371,415,0
1396,411310,4079,0
1397,411310,1678,0
1398,411310,4607,0
1399,347947,161,0
1400,141925,2394,0
1401,8081,4519,0
1402,305621,3205,0
1403,11747,1117,0
1404,11747,4955,0
1405,259916,203,0
1406,240522,4090,0
1407,111363,2579,0
1408,111363,3828,0
1409,167677,2730,0
1410,303827,1379,0
1411,207899,1346,0
1412,344390,2242,0
1413,344390,2928,0
1414,182129,4871,0
1415,36792,2170,0
1416,310548,3536,0
1417,272670,1250,0
1418,154983,3004,1
1419,154983,946,0
1420,214380,2746,0
1421,285937,2108,0
1422,98768,3105,0
1423,370673,1679,1
1424,209625,1749,0
1425,209625,2565,0
1426,209625,3635,0
1427,209625,4368,0
1428,1845,4947,0
1429,346698,4129,0
1430,346698,4186,0
1431,328059,4942,0
1432,384160,826,0
1433,104617,4079,0
1434,62137,3105,0
1435,333595,3828,1
1436,247349,1494,0
1437,78219,598,0
1438,287418,941,0
1439,287418,798,0
1440,160972,2465,0
1441,160972,1131,1
1442,254170,1963,0
1443,131830,2537,0
1444,168709,4173,0
1445,168709,4044,0
1446,251914,1742,0
1447,250640,505,0
1448,301610,3524,0
1449,4154,598,0
1450,393921,4607,0
1451,92892,63,0
1452,92892,474,0
1453,218907,1370,0
1454,218907,1615,0
1455,218907,4858,0
1456,218907,2790,0
1457,218907,846,0
1458,136006,2562,0
1459,356680,588,0
1460,367180,3075,0
1461,303469,747,0
1462,404360,4385,0
1463,404360,687,0
1464,404360,643,0
1465,404360,2273,0
1466,412446,2669,0
1467,374935,1724,0
1468,245086,2102,0
1469,170198,3323,1
1470,203852,3682,0
1471,295845,1393,1
1472,159457,968,0
1473,75637,1298,0
1474,75637,4637,0
1475,172496,4850,1
1476,294386,742,0
1477,414986,1248,0
1478,327968,1555,1
1479,327968,4438,0
1480,353709,3622,0
1481,326370,4942,0
1482,283404,2856,0
1483,283404,66,0
1484,291363,2938,0
1485,47397,685,0
1486,47397,1742,0
1487,277107,3022,0
1488,405718,1884,0
1489,198916,2954,0
1490,82595,1318,0
1491,43187,254,0
1492,55241,133,0
1493,5523,1477,0
1494,62367,2220,0
1495,1695,4444,0
1496,98721,2824,0
1497,56556,2138,0
1498,36909,1393,0
1499,36909,3665,0
1500,14661,4600,0
1501,109668,2569,0
1502,168819,296,0
1503,190093,1102,0
1504,293572,320,0
1505,142816,2278,0
1506,402913,1742,0
1507,402913,26,0
1508,402913,3701,0
1509,402913,2141,0
1510,165922,3742,0
1511,79766,437,0
1512,310223,3123,0
1513,155663,1466,0
1514,332022,2193,0
1515,332022,1356,0
1516,155284,2032,0
1517,53245,2320,0
1518,53245,1761,0
1519,160646,1808,0
1520,60071,361,1
1521,60071,1500,1
1522,60071,1618,0
1523,190166,2700,0
1524,403055,4667,0
1525,48603,323,1
1526,172515,742,0
1527,172515,3893,1
1528,101679,1978,0
1529,321223,1470,1
1530,106459,4369,0
1531,226399,2795,0
1532,223112,301,0
1533,308807,798,0
1534,289209,685,0
1535,67869,3022,0
1536,98640,1557,0
1537,62638,542,0
1538,62638,2318,0
1539,77776,3545,0
1540,51766,357,0
1541,109467,3670,0
1542,353748,2879,0
1543,373467,4005,0
1544,358779,4976,0
1545,358779,2776,0
1546,224899,2255,0
1547,224899,67,0
1548,224899,1423,0
1549,290005,3826,0
1550,88063,1892,0
1551,88063,902,0
1552,88063,2450,0
1553,134665,1393,0
1554,134665,191,0
1555,46381,3152,1
1556,329044,3055,0
1557,187003,4282,0
1558,344573,437,0
1559,230553,3152,0
1560,23244,698,0
1561,23244,1851,0
1562,380643,4718,0
1563,216837,1661,0
1564,216837,2318,0
1565,189273,2730,0
1566,337585,684,0
1567,337585,4079,0
1568,251416,2537,0
1569,386714,606,0
1570,386714,2155,0
1571,253391,414,0
1572,233288,4739,0
1573,233288,1342,0
1574,169550,4976,0
1575,190034,1193,0
1576,190034,4427,0
1577,298404,2284,0
1578,414435,963,0
1579,50940,3271,0
1580,287529,4044,0
1581,240456,2482,0
1582,195930,4415,0
1583,147601,4585,0
1584,147601,2565,0
1585,147601,2664,0
1586,147601,606,0
1587,121306,3541,0
1588,146672,3163,0
1589,421121,4871,0
1590,353333,4371,0
1591,231242,3075,0
1592,120813,2709,0
1593,166158,4171,0
1594,341665,1346,0
1595,283576,1833,0
1596,65809,1102,0
1597,369757,3191,0
1598,367480,4494,0
1599,367480,4112,0
1600,367480,4052,0
1601,243161,63,0
1602,300392,1017,0
1603,300392,4282,1
1604,21414,4499,0
1605,127149,2537,0
1606,129240,4794,0
1607,137706,523,0
1608,125163,1283,0
1609,380569,2031,0
1610,143011,3323,1
1611,262231,760,0
1612,206440,4079,0
1613,404186,2791,0
1614,404186,742,0
1615,168173,2545,0
1616,419570,434,0
1617,74172,2108,0
1618,136647,3455,0
1619,9933,608,0
1620,54774,3941,0
1621,181758,1808,0
1622,34335,4976,0
1623,45,2566,0
1624,237466,3828,0
1625,108730,1900,0
1626,2788,1102,0
1627,2788,1659,0
1628,389677,2167,0
1629,90424,3278,0
1630,108497,2253,0
1631,144737,168,0
1632,262792,4368,0
1633,330286,3578,1
1634,96832,4871,0
1635,421037,3734,0
1636,207611,2424,0
1637,151547,3889,0
1638,265013,3614,0
1639,331254,2995,0
1640,331254,3607,0
1641,337401,3016,0
1642,82434,2278,0
1643,116769,4976,0
1644,301152,4618,0
1645,224173,4650,0
1646,351448,2134,0
1647,30190,1272,0
1648,30190,3629,0
1649,373315,3484,0
1650,322126,1978,0
1651,136739,4577,0
1652,337445,1495,0
1653,114815,3022,0
1654,22245,3635,0
1655,297468,2124,0
1656,34845,4049,0
1657,34845,4325,0
1658,223308,963,0
1659,266091,2193,0
1660,266091,4044,0
1661,266091,2664,0
1662,87930,4847,0
1663,323454,2435,0
1664,157150,2821,0
1665,360976,1049,0
1666,159772,3938,0
1667,378154,3102,0
1668,378154,2360,0
1669,132542,2681,0
1670,179960,1892,0
1671,326043,2821,0
1672,326043,3473,0
1673,205215,3173,0
1674,206127,2138,0
1675,13756,3524,0
1676,82627,336,0
1677,82627,2108,0
1678,56290,2277,0
1679,402472,3173,0
1680,5426,818,0
1681,60215,3268,0
1682,66893,1944,0
1683,27500,547,0
1684,400305,1393,0
1685,82884,4129,0
1686,152682,3288,0
1687,152682,3571,0
1688,152682,2652,0
1689,152682,685,0
1690,30160,1810,0
1691,30160,4267,0
1692,356683,1090,0
1693,28325,3472,0
1694,344009,4756,0
1695,73073,2905,0
1696,299424,574,0
1697,242511,4636,0
1698,104799,2821,0
1699,52780,474,0
1700,133474,2170,0
1701,394643,2565,1
1702,265220,4444,0
1703,397376,4394,0
1704,112505,4861,0
1705,112505,3173,0
1706,391802,141,1
1707,391802,963,0
1708,214731,361,0
1709,285174,3769,0
1710,88620,3936,1
1711,52782,1742,0
1712,23391,1472,0
1713,356809,4480,0
1714,356809,4992,0
1715,356809,1200,0
1716,163807,1485,0
1717,120079,2699,0
1718,265774,2450,0
1719,70219,3753,0
1720,7553,4950,0
1721,404756,4048,0
1722,126260,4733,0
1723,293465,606,0
1724,345707,3022,0
1725,345707,2303,0
1726,345707,4385,0
1727,365319,3173,0
1728,78696,682,0
1729,43647,508,0
1730,213091,803,0
1731,213091,996,0
1732,213091,2882,0
1733,377925,2070,0
1734,15993,4894,1
1735,358036,3105,0
1736,358036,1719,0
1737,358036,3374,0
1738,242983,361,0
1739,310366,2124,0
1740,310366,1102,0
1741,384182,1412,0
1742,375833,760,0
1743,170084,4287,0
1744,235185,2721,0
1745,79602,3828,0
1746,373767,1816,0
1747,175404,4186,0
1748,169345,2173,0
1749,20371,3402,0
1750,423319,4976,0
1751,22954,946,0
1752,299989,2294,0
1753,192289,2954,0
1754,192289,2928,0
1755,12394,1502,0
1756,12394,3609,0
1757,258518,2473,0
1758,181695,4394,1
1759,181695,4659,0
1760,103668,1808,0
1761,10770,3683,1
1762,242001,2454,0
1763,79980,3225,0
1764,243133,1810,0
1765,390922,492,0
1766,390922,361,0
1767,390922,4388,0
1768,390922,1485,0
1769,378484,1618,1
1770,306590,3562,1
1771,339950,219,0
1772,339950,574,0
1773,139853,1536,0
1774,275792,4585,0
1775,244322,3424,0
1776,244322,2217,0
1777,336780,4811,0
1778,323643,777,0
1779,323643,962,0
1780,323643,2579,0
1781,323643,2537,0
1782,406080,1494,0
1783,292798,1749,0
1784,297187,1708,0
1785,338962,3323,1
1786,279176,2236,0
1787,357005,10,0
1788,31892,3835,0
1789,31892,4864,0
1790,167852,594,0
1791,94928,4150,0
1792,296420,4524,0
1793,331974,2537,0
1794,84679,1487,0
1795,392440,3289,0
1796,104230,4173,0
1797,391006,1895,0
1798,5479,4864,0
1799,348028,3979,0
1800,348028,2447,0
1801,348028,4760,0
1802,187781,4280,0
1803,170921,4282,0
1804,154556,2317,0
1805,210680,3288,0
1806,336549,4882,0
1807,336549,1072,0
1808,349683,474,0
1809,349683,817,0
1810,36852,3990,0
1811,363045,915,0
1812,363045,2928,0
1813,143427,4050,0
1814,145506,2447,0
1815,354487,3981,0
1816,64228,4847,0
1817,197428,4140,0
1818,202072,1457,0
1819,202072,963,0
1820,416098,790,0
1821,18277,2891,0
1822,75892,4841,0
1823,147491,2776,0
1824,62910,4129,0
1825,62910,817,0
1826,3288,3205,0
1827,197124,1956,0
1828,197124,4783,0
1829,265989,2592,0
1830,34314,3472,0
1831,189913,2459,0
1832,189913,798,0
1833,189913,1102,0
1834,275938,2051,0
1835,393187,4170,1
1836,422234,4708,1
1837,47874,4840,0
1838,47874,855,0
1839,324381,4044,0
1840,324381,2102,1
1841,286761,2318,0
1842,319848,552,0
1843,42111,2294,0
1844,160948,2683,0
1845,283156,191,0
1846,283156,598,0
1847,308059,511,0
1848,422108,4291,0
1849,277025,2505,0
1850,320810,361,0
1851,320810,3545,0
1852,355889,4955,0
1853,79488,951,0
1854,272076,1031,0
1855,286734,3576,0
1856,183573,1501,0
1857,234783,3063,0
1858,414258,4326,0
1859,233209,310,0
1860,250426,1084,1
1861,316658,3538,0
1862,147017,2047,0
1863,147017,1861,0
1864,301439,3959,0
1865,301439,4742,0
1866,106374,4976,0
1867,106374,4371,0
1868,157593,4282,0
1869,309165,2082,0
1870,29955,58,0
1871,315657,3152,0
1872,254437,798,0
1873,65411,2879,0
1874,414134,4558,0
1875,276227,2954,0
1876,224015,760,0
1877,230699,3462,0
1878,269105,2973,0
1879,259940,4536,0
1880,142187,98,0
1881,68736,2093,0
1882,341904,798,1
1883,372435,904,0
1884,105907,3090,0
1885,400849,3734,0
1886,302575,2175,0
1887,302575,4724,0
1888,207193,3609,0
1889,85081,4491,0
1890,105832,2872,0
1891,105832,3828,1
1892,105832,2242,0
1893,13174,3635,0
1894,135802,4325,1
1895,309854,2203,0
1896,342507,2397,0
1897,259662,1487,0
1898,271258,653,0
1899,271258,1816,0
1900,271258,4818,0
1901,388366,3227,0
1902,129325,588,0
1903,129325,2403,0
1904,129325,2928,0
1905,422455,4325,0
1906,345661,4648,0
1907,344938,1827,0
1908,129420,962,0
1909,129420,1489,0
1910,106428,4697,0
1911,106428,360,0
1912,65328,652,0
1913,376128,1384,0
1914,128337,2752,0
1915,53847,1667,0
1916,336781,1056,0
1917,280768,3291,0
1918,346111,474,0
1919,94777,2193,0
1920,368731,2273,0
1921,337286,2497,0
1922,60827,2590,0
1923,60827,3273,0
1924,60827,603,0
1925,43709,4048,0
1926,217091,2047,0
1927,161846,3898,0
1928,346682,829,1
1929,295074,1102,0
1930,221484,747,0
1931,165453,1346,0
1932,165453,4966,0
1933,150351,3623,0
1934,150351,3545,0
1935,224868,1200,0
1936,224868,4976,0
1937,350377,1203,0
1938,390913,742,0
1939,192280,4976,0
1940,197158,3103,0
1941,197158,1618,0
1942,8041,1816,0
1943,8041,4090,0
1944,8041,2136,0
1945,284788,1134,0
1946,292477,3173,0
1947,328601,2273,0
1948,328601,2343,0
1949,262589,2397,0
1950,78020,2669,0
1951,78020,1131,0
1952,133847,1472,0
1953,133847,2126,0
1954,153426,2397,0
1955,166849,4760,0
1956,344806,3361,0
1957,386812,4659,0
1958,340774,1749,1
1959,96788,3418,0
1960,174875,742,0
1961,285986,1632,0
1962,285986,4173,0
1963,289334,3288,0
1964,138365,4775,1
1965,138365,1693,0
1966,138365,1495,0
1967,344256,2721,0
1968,382956,1831,0
1969,8499,742,0
1970,232159,4650,0
1971,221407,3428,0
1972,221407,2138,0
1973,6409,437,0
1974,270382,4049,0
1975,270382,897,0
1976,282475,4813,0
1977,330662,2482,0
1978,330662,1642,0
1979,372416,4427,0
1980,240932,4658,0
1981,240932,1816,0
1982,328362,1093,0
1983,328362,4282,0
1984,262614,3537,0
1985,18963,4196,0
1986,335967,1615,0
1987,335967,4173,0
1988,335967,48,0
1989,400090,3766,0
1990,400090,2954,1
1991,400090,1749,0
1992,400090,4444,0
1993,64873,2789,0
1994,84607,361,0
1995,334211,148,0
1996,334211,412,0
1997,37535,3042,0
1998,411914,4042,0
1999,411914,4860,0
2000,219935,2954,0
2001,259755,4491,0
2002,260022,4234,0
2003,357573,1340,0
2004,357573,3205,1
2005,55770,4760,0
2006,249828,611,0
2007,234612,3609,1
2008,139131,121,0
2009,370369,4090,0
2010,76120,1272,0
2011,318298,3971,0
2012,272236,4173,0
2013,361691,798,0
2014,326156,3289,0
2015,326156,4011,0
2016,32543,2099,0
2017,144977,3826,0
2018,165734,2775,0
2019,76161,2552,0
2020,175822,2403,0
2021,40379,4976,0
2022,343634,1102,0
2023,36486,4768,0
2024,309171,1263,0
2025,125892,2175,0
2026,373704,1810,0
2027,178992,4940,0
2028,9552,1618,0
2029,322741,1000,0
2030,93652,2913,0
2031,210934,2403,0
2032,81163,414,0
2033,287779,4687,0
2034,159392,806,0
2035,362504,4270,0
2036,69647,798,0
2037,69647,4976,0
2038,11439,4039,0
2039,217815,2099,0
2040,414177,3444,0
2041,414177,2928,0
2042,414177,4600,0
2043,182161,234,0
2044,182161,4044,0
2045,182161,3763,0
2046,322711,4170,1
2047,183961,2313,0
2048,183961,2436,0
2049,120766,1092,1
2050,143425,3249,1
2051,339374,4976,0
2052,339374,14,0
2053,339374,3469,0
2054,408782,2066,0
2055,376148,3828,0
2056,376148,4091,0
2057,128790,1102,0
2058,303400,66,0
2059,265822,1133,0
2060,401057,4475,0
2061,335534,2209,0
2062,381896,4976,0
2063,200393,3451,1
2064,69356,3134,0
2065,333860,3236,0
2066,70317,2403,0
2067,144084,2680,0
2068,144084,2482,0
2069,415458,179,0
2070,14820,4073,0
2071,267519,738,1
2072,238119,66,0
2073,33760,2172,0
2074,197783,1892,0
2075,197783,790,1
2076,398243,1472,0
2077,221351,479,0
2078,109995,685,1
2079,233457,3288,0
2080,57411,1685,0
2081,95782,1956,0
2082,95782,3086,0
2083,346153,3022,0
2084,346153,310,0
2085,121751,2928,0
2086,6566,4659,0
2087,310196,596,0
2088,411167,1472,0
2089,217145,4170,0
2090,128624,2872,0
2091,270327,2091,0
2092,36102,1760,0
2093,292122,323,0
2094,411945,148,1
2095,187804,4793,0
2096,42193,1890,0
2097,42193,1102,0
2098,72175,1861,1
2099,72175,4062,0
2100,34303,1150,0
2101,219220,4987,0
2102,326057,3477,0
2103,298691,643,0
2104,102401,3301,1
2105,115001,3420,0
2106,115001,4858,1
2107,19577,941,0
2108,399292,4745,0
2109,152257,35,0
2110,327241,2031,0
2111,163948,1090,0
2112,397933,1487,0
2113,18233,1466,0
2114,402500,227,0
2115,261804,1496,0
2116,159964,1594,0
2117,189937,3734,0
2118,159784,3163,0
2119,166201,885,0
2120,176209,424,0
2121,176209,4944,0
2122,64793,1346,0
2123,240455,3734,0
2124,131708,3152,0
2125,277290,2099,0
2126,110136,4818,0
2127,110136,3734,0
2128,110136,3993,0
2129,331647,4793,0
2130,73108,2598,0
2131,95378,1602,0
2132,95378,3549,0
2133,265247,3828,0
2134,265247,1434,0
2135,265247,3420,0
2136,265247,3200,0
2137,265247,4394,1
2138,183507,3968,0
2139,144096,4044,0
2140,151026,3472,0
2141,204129,4048,0
2142,21898,1494,0
2143,7312,3086,0
2144,254428,3734,0
2145,254428,2550,0
2146,206392,3820,0
2147,224116,818,0
2148,422021,4173,0
2149,372365,1679,0
2150,316316,4325,0
2151,356891,3236,0
2152,48722,4090,0
2153,308309,1437,0
2154,170178,9,0
2155,19419,467,0
2156,268101,323,0
2157,327493,588,0
2158,362453,2055,0
2159,195821,416,0
2160,195821,2824,0
2161,224151,4173,1
2162,218871,2537,0
2163,354037,1060,0
2164,76577,3826,1
2165,353096,3938,0
2166,168921,2929,1
2167,168921,1650,0
2168,288330,798,0
2169,190815,1875,1
2170,190815,606,0
2171,19609,3080,0
2172,277477,1679,0
2173,46072,652,0
2174,365447,3200,0
2175,295658,1126,0
2176,295658,191,0
2177,1080,1724,0
2178,164943,1939,0
2179,108742,608,1
2180,423136,3856,0
2181,423136,4071,0
2182,215107,1416,0
2183,116885,4173,0
2184,116885,4976,0
2185,116885,2796,0
2186,395693,1216,0
2187,294833,3844,0
2188,298371,4173,0
2189,380427,121,0
2190,287283,3230,0
2191,320650,4267,1
2192,320650,4143,0
2193,156466,1484,0
2194,156466,2401,0
2195,101500,3227,0
2196,162191,4394,0
2197,119837,58,0
2198,250415,598,0
2199,229041,4394,0
2200,309966,120,0
2201,309966,786,0
2202,48906,4316,0
2203,48906,3159,0
2204,13617,4256,0
2205,13617,4504,0
2206,13617,4245,0
2207,50632,2193,0
2208,15424,4044,0
2209,94118,3080,0
2210,94118,4687,0
2211,180446,4976,0
2212,398834,3657,0
2213,239354,1494,0
2214,239354,4775,0
2215,7439,1861,0
2216,406559,3085,0
2217,23342,804,0
2218,419132,1102,1
2219,361728,2413,0
2220,342819,3670,0
2221,110209,2471,0
2222,152212,1268,0
2223,408547,2273,0
2224,247315,3319,0
2225,322214,4370,0
2226,116420,1102,0
2227,139022,474,0
2228,139022,3567,0
2229,18452,4336,0
2230,18452,897,0
2231,332072,4760,0
2232,301391,2014,0
2233,250638,2424,0
2234,117879,1640,0
2235,230010,2448,0
2236,293953,3411,0
2237,408965,1762,0
2238,37997,3635,0
2239,37560,748,0
2240,243129,1721,0
2241,242643,3191,0
2242,201690,3828,0
2243,57918,2928,0
2244,346777,4829,0
2245,379444,3289,0
2246,379444,1346,0
2247,134464,4976,0
2248,1606,1103,0
2249,1606,4044,1
2250,310694,3057,0
2251,359903,4585,0
2252,44771,2435,1
2253,335453,4079,0
2254,145032,1742,0
2255,172794,742,0
2256,357651,4043,0
2257,222276,3152,0
2258,306522,3614,0
2259,225209,4659,0
2260,89795,1203,0
2261,89795,3936,0
2262,290369,1100,0
2263,201539,786,0
2264,318281,4071,0
2265,318281,1557,0
2266,47322,3152,0
2267,47322,361,0
2268,86787,3085,0
2269,275541,588,1
2270,22168,3828,0
2271,248272,278,0
2272,136960,2891,0
2273,47030,3635,0
2274,15803,98,0
2275,60890,4071,0
2276,393203,3826,0
2277,40223,438,0
2278,40223,1861,1
2279,289862,2805,0
2280,289862,885,0
2281,364446,357,0
2282,96237,2803,0
2283,82564,3247,0
2284,199045,4512,0
2285,199045,2915,0
2286,166291,102,0
2287,166291,1090,0
2288,298972,2273,0
2289,177214,3968,0
2290,130487,2078,0
2291,336056,2655,0
2292,376256,2099,0
2293,261824,500,1
2294,419693,4033,0
2295,337265,3828,0
2296,132363,598,0
2297,27945,3471,0
2298,275310,1399,0
2299,275310,3108,0
2300,268858,423,0
2301,148546,3022,0
2302,194516,250,0
2303,373043,1899,0
2304,82514,1719,0
2305,107885,2403,0
2306,244680,1203,0
2307,244680,1399,0
2308,244680,2475,0
2309,244680,1340,0
2310,211020,3545,0
2311,152697,3444,0
2312,305532,4926,0
2313,305532,2236,0
2314,27130,1557,0
2315,27130,3929,0
2316,151870,3990,0
2317,91349,1861,0
2318,163853,4818,1
2319,68766,2565,0
2320,166572,3828,0
2321,131505,4966,0
2322,2010,1968,0
2323,389598,4336,0
2324,225027,1565,0
2325,423780,2273,0
2326,333988,1816,0
2327,381460,1200,0
2328,343111,1816,1
2329,10892,4928,0
2330,10892,4768,0
2331,107060,4834,0
2332,413531,3469,0
2333,127368,514,0
2334,414042,1875,0
2335,414042,1760,0
2336,140464,4043,0
2337,364222,4913,0
2338,146407,4438,0
2339,262147,1861,0
2340,262147,1031,0
2341,262147,3323,0
2342,418606,2500,0
2343,418606,4234,0
2344,84377,542,0
2345,174758,2698,0
2346,366455,2594,0
2347,386238,2569,0
2348,19647,2318,0
2349,227604,4143,0
2350,371280,1890,0
2351,197481,534,0
2352,118771,4985,0
2353,272893,4196,0
2354,411436,3523,0
2355,61744,2604,0
2356,1402,2653,0
2357,104369,1999,0
2358,390767,685,0
2359,390767,4864,0
2360,65946,1399,0
2361,65946,3635,0
2362,322773,361,0
2363,53997,1435,0
2364,169713,3462,0
2365,397572,246,1
2366,398845,3152,0
2367,398845,3990,0
2368,74536,1639,1
2369,74536,682,0
2370,343757,1997,0
2371,375536,804,0
2372,252179,4095,0
2373,252179,4492,0
2374,252179,3826,0
2375,330353,3853,0
2376,141024,4847,0
2377,306417,3959,0
2378,198669,586,0
2379,88398,1884,0
2380,88398,643,0
2381,39516,2313,0
2382,16621,2318,0
2383,396787,4090,0
2384,201829,1890,0
2385,24172,4450,0
2386,64706,361,0
2387,169175,598,0
2388,260144,141,0
2389,212336,4234,0
2390,195443,3320,0
2391,195443,4647,1
2392,195443,3730,0
2393,136316,2397,0
2394,91262,4871,0
2395,324306,2928,0
2396,324306,4926,1
2397,324306,4992,0
2398,324306,3105,0
2399,55299,191,0
2400,214078,2482,0
2401,370000,3529,0
2402,342100,4976,0
2403,93137,3205,0
2404,197330,4605,0
2405,219446,798,0
2406,280124,2537,0
2407,132129,4108,0
2408,121920,4729,0
2409,43687,742,0
2410,165097,3967,0
2411,418558,1427,0
2412,148801,4578,0
2413,209774,3319,0
2414,152877,1020,0
2415,294987,4710,0
2416,47709,2279,0
2417,320899,3854,0
2418,308455,1978,0
2419,99583,1963,0
2420,99583,1318,0
2421,99583,4444,0
2422,99583,1056,0
2423,99583,4346,0
2424,352516,412,0
2425,352516,3111,0
2426,414232,4755,0
2427,61768,652,0
2428,271022,3602,0
2429,355628,2915,0
2430,72275,685,0
2431,121236,989,0
2432,68280,3614,0
2433,88830,360,0
2434,344194,1102,1
2435,180892,2066,0
2436,305071,547,0
2437,338362,962,0
2438,90811,588,1
2439,964,3936,0
2440,964,1742,0
2441,231922,1501,0
2442,322123,46,0
2443,322123,2709,0
2444,55868,2217,0
2445,55868,358,0
2446,86421,1116,0
2447,294045,594,0
2448,142296,4011,0
2449,142296,3578,0
2450,43485,1618,0
2451,140526,4765,0
2452,140526,3876,0
2453,211666,2278,0
2454,87865,3685,0
2455,47188,2545,0
2456,180598,4071,0
2457,180598,3460,0
2458,92281,1916,0
2459,180968,1936,0
2460,172689,2318,0
2461,96831,4173,0
2462,291154,3828,1
2463,421772,2138,0
2464,235919,4079,0
2465,328649,2397,0
2466,328649,1840,0
2467,348905,1557,0
2468,348905,598,0
2469,269180,2435,0
2470,298398,366,0
2471,321786,4950,0
2472,321786,652,0
2473,14892,2318,0
2474,405561,4850,0
2475,326223,606,0
2476,250977,653,1
2477,250977,3734,0
2478,223000,4090,0
2479,400268,794,0
2480,186677,2601,0
2481,186677,3971,0
2482,186677,3979,0
2483,214847,3936,0
2484,149556,2403,1
2485,201816,804,0
2486,339655,4282,0
2487,58588,2278,0
2488,358381,1393,0
2489,115447,1051,0
2490,309911,3905,0
2491,309911,3645,0
2492,204695,1679,0
2493,402863,2569,1
2494,361655,4173,0
2495,225491,1890,0
2496,222170,598,0
2497,320582,3350,0
2498,46470,1186,0
2499,408531,4594,0
2500,352405,1760,0
2501,249265,2217,0
2502,7255,1370,0
2503,414823,265,1
2504,147233,324,0
2505,27686,2318,0
2506,27686,4558,0
2507,341354,951,0
2508,46728,4043,0
2509,318444,1102,0
2510,279816,4818,0
2511,102016,1281,0
2512,90826,3955,0
2513,4330,4280,1
2514,4330,4173,0
2515,4330,643,0
2516,376870,4793,0
2517,239037,2447,0
2518,239037,747,0
2519,153414,2513,0
2520,153414,4282,0
2521,351706,3160,0
2522,385534,145,0
2523,139594,2417,0
2524,136868,1393,0
2525,136868,4173,0
2526,402446,4708,0
2527,176183,3835,0
2528,267711,4480,0
2529,257802,1710,0
2530,30774,4083,0
2531,304986,3609,0
2532,291429,1564,0
2533,418435,3624,0
2534,361006,1816,0
2535,103483,1679,0
2536,145043,4677,0
2537,422936,3543,0
2538,172115,403,0
2539,172115,1273,0
2540,61526,685,0
2541,245265,2579,0
2542,232933,794,0
2543,411679,4585,0
2544,333491,1760,0
2545,233148,1084,0
2546,325353,4417,0
2547,128523,4099,0
2548,126504,3098,0
2549,272836,742,0
2550,272836,4173,0
2551,98080,1833,0
2552,98080,1477,0
2553,303154,2278,0
2554,230303,191,0
2555,18374,1062,0
2556,4106,2173,0
2557,364871,3291,0
2558,116339,382,0
2559,220286,3936,0
2560,144837,2928,1
2561,275754,1871,0
2562,73618,1346,0
2563,403090,3284,0
2564,353257,3855,0
2565,212740,2288,0
2566,101902,3958,0
2567,176470,104,0
2568,288920,4170,0
2569,372827,3762,0
2570,372827,2217,0
2571,243824,3105,0
2572,129186,1393,0
2573,307938,817,0
2574,181746,320,0
2575,172566,1102,0
2576,70707,2149,0
2577,287295,1131,1
2578,254107,685,1
2579,41404,574,0
2580,41404,3753,0
2581,41404,4580,0
2582,301246,2954,0
2583,80602,1487,0
2584,176731,3990,0
2585,186047,4388,0
2586,401636,96,0
2587,255473,3968,0
2588,255473,215,0
2589,345596,3822,0
2590,345596,3769,0
2591,382229,722,0
2592,303431,1100,0
2593,303431,3828,0
2594,303431,4607,0
2595,303176,2047,0
2596,32418,2693,0
2597,32418,1489,0
2598,32418,824,0
2599,103659,798,0
2600,60322,4394,0
2601,60322,4048,0
2602,300022,310,0
2603,300022,946,1
2604,58666,133,0
2605,307598,1895,1
2606,104348,3990,0
2607,317378,4044,0
2608,346070,1708,0
2609,141839,4042,0
2610,387866,3828,0
2611,213371,4322,0
