,user_id,age_range,gender
0,242832,2.0,0.0
1,43935,2.0,1.0
2,274848,3.0,0.0
3,228408,6.0,0.0
4,348868,3.0,0.0
5,314572,4.0,0.0
6,376270,3.0,1.0
7,377599,4.0,0.0
8,389131,3.0,0.0
9,146224,0.0,0.0
10,288998,3.0,0.0
11,292379,3.0,0.0
12,333626,3.0,0.0
13,268622,7.0,0.0
14,69333,5.0,1.0
15,100068,3.0,2.0
16,72996,0.0,0.0
17,61230,3.0,0.0
18,355783,4.0,0.0
19,402388,3.0,0.0
20,60596,2.0,1.0
21,269985,2.0,0.0
22,365661,4.0,0.0
23,380019,3.0,0.0
24,96706,4.0,0.0
25,146731,3.0,1.0
26,12139,0.0,0.0
27,267388,5.0,0.0
28,302579,3.0,0.0
29,230277,4.0,0.0
30,316116,3.0,1.0
31,242172,4.0,0.0
32,283707,0.0,0.0
33,321102,4.0,1.0
34,416862,3.0,0.0
35,185746,6.0,1.0
36,395485,3.0,0.0
37,85946,4.0,1.0
38,68804,6.0,0.0
39,98306,0.0,1.0
40,145922,0.0,0.0
41,416925,0.0,0.0
42,157623,2.0,0.0
43,244953,2.0,0.0
44,384801,4.0,1.0
45,42609,0.0,0.0
46,171412,4.0,0.0
47,260884,4.0,1.0
48,35188,2.0,0.0
49,350000,2.0,1.0
50,261743,2.0,0.0
51,412953,4.0,0.0
52,125763,0.0,1.0
53,71818,6.0,0.0
54,143815,5.0,0.0
55,80587,2.0,1.0
56,208888,4.0,0.0
57,302350,0.0,0.0
58,294080,5.0,1.0
59,212954,6.0,0.0
60,159761,4.0,2.0
61,85598,0.0,1.0
62,79229,0.0,1.0
63,105897,2.0,0.0
64,239574,0.0,1.0
65,61947,3.0,1.0
66,271155,4.0,0.0
67,333636,0.0,0.0
68,367446,3.0,1.0
69,394645,3.0,0.0
70,375250,4.0,0.0
71,384754,2.0,0.0
72,80923,3.0,0.0
73,397852,5.0,0.0
74,284284,2.0,1.0
75,368825,4.0,1.0
76,304916,3.0,0.0
77,292382,6.0,0.0
78,84773,6.0,0.0
79,180702,4.0,0.0
80,243195,5.0,0.0
81,192633,2.0,1.0
82,150217,5.0,0.0
83,244774,0.0,0.0
84,344431,4.0,0.0
85,361757,4.0,0.0
86,210797,0.0,1.0
87,315309,3.0,0.0
88,219141,0.0,1.0
89,68866,4.0,0.0
90,363322,6.0,0.0
91,3149,3.0,1.0
92,88679,3.0,0.0
93,359112,3.0,0.0
94,135669,0.0,1.0
95,139516,3.0,0.0
96,276508,0.0,1.0
97,184865,3.0,0.0
98,188789,4.0,2.0
99,364419,0.0,1.0
100,178830,6.0,0.0
101,133527,3.0,1.0
102,14589,0.0,1.0
103,345369,2.0,0.0
104,249201,3.0,0.0
105,98524,4.0,
106,1561,2.0,1.0
107,370537,3.0,1.0
108,284648,0.0,0.0
109,219755,2.0,0.0
110,363651,3.0,0.0
111,1675,3.0,0.0
112,145579,2.0,1.0
113,101563,3.0,1.0
114,333001,4.0,0.0
115,157412,5.0,1.0
116,72167,2.0,0.0
117,258851,7.0,1.0
118,155228,0.0,2.0
119,368,4.0,0.0
120,364206,4.0,1.0
121,230598,4.0,0.0
122,87774,3.0,0.0
123,283359,4.0,0.0
124,98571,6.0,1.0
125,55317,3.0,0.0
126,207906,5.0,0.0
127,170073,3.0,0.0
128,108682,6.0,0.0
129,244468,4.0,1.0
130,389908,5.0,0.0
131,237079,8.0,1.0
132,139184,0.0,0.0
133,109628,6.0,0.0
134,52884,0.0,0.0
135,386010,3.0,0.0
136,386556,3.0,0.0
137,357198,6.0,1.0
138,96114,3.0,0.0
139,419629,2.0,0.0
140,21140,4.0,0.0
141,291365,0.0,0.0
142,65330,2.0,0.0
143,29525,5.0,0.0
144,159690,3.0,0.0
145,145422,4.0,0.0
146,417591,0.0,0.0
147,163138,0.0,0.0
148,254068,3.0,1.0
149,123605,3.0,0.0
150,97541,4.0,0.0
151,337529,4.0,0.0
152,258726,3.0,0.0
153,66729,3.0,0.0
154,133569,3.0,0.0
155,118584,3.0,1.0
156,4155,0.0,1.0
157,279946,6.0,0.0
158,192421,0.0,1.0
159,251581,0.0,0.0
160,257293,3.0,0.0
161,96016,0.0,1.0
162,404767,4.0,1.0
163,340795,2.0,0.0
164,418117,4.0,0.0
165,332107,8.0,0.0
166,272998,3.0,0.0
167,252842,4.0,0.0
168,70847,4.0,0.0
169,65519,2.0,0.0
170,48902,2.0,1.0
171,85061,4.0,0.0
172,164538,4.0,2.0
173,406284,0.0,0.0
174,42282,0.0,
175,210492,3.0,0.0
176,297226,4.0,0.0
177,307486,3.0,0.0
178,331069,0.0,0.0
179,32890,0.0,1.0
180,15332,0.0,0.0
181,204005,2.0,0.0
182,332712,3.0,1.0
183,198330,2.0,1.0
184,387543,2.0,0.0
185,226098,5.0,
186,409510,2.0,0.0
187,158542,3.0,0.0
188,418405,0.0,0.0
189,187793,6.0,1.0
190,281783,0.0,0.0
191,240140,6.0,1.0
192,207167,0.0,0.0
193,221792,3.0,0.0
194,364901,0.0,0.0
195,356711,0.0,
196,362883,4.0,0.0
197,398757,0.0,0.0
198,179133,0.0,0.0
199,124386,6.0,0.0
200,383472,0.0,0.0
201,53874,0.0,1.0
202,402337,2.0,0.0
203,242653,0.0,1.0
204,421867,3.0,0.0
205,144904,0.0,1.0
206,390994,0.0,0.0
207,36445,0.0,0.0
208,344510,6.0,0.0
209,5642,3.0,0.0
210,302690,0.0,0.0
211,5756,3.0,0.0
212,175779,6.0,0.0
213,163239,7.0,0.0
214,416181,0.0,0.0
215,273849,7.0,0.0
216,341865,2.0,0.0
217,184735,5.0,0.0
218,309685,2.0,0.0
219,287413,6.0,1.0
220,134719,0.0,1.0
221,120943,3.0,0.0
222,336017,0.0,1.0
223,197090,0.0,0.0
224,293903,3.0,0.0
225,175121,0.0,0.0
226,240146,0.0,0.0
227,50237,0.0,1.0
228,293231,6.0,0.0
229,138438,4.0,0.0
230,301029,8.0,0.0
231,300828,2.0,1.0
232,153885,3.0,0.0
233,289824,3.0,1.0
234,279075,3.0,0.0
235,404271,3.0,0.0
236,382269,5.0,1.0
237,6040,3.0,1.0
238,348376,5.0,0.0
239,237304,4.0,1.0
240,423436,0.0,1.0
241,169831,6.0,0.0
242,336247,5.0,0.0
243,197522,4.0,0.0
244,150947,3.0,0.0
245,423845,4.0,0.0
246,7895,0.0,0.0
247,366692,3.0,1.0
248,195182,0.0,1.0
249,104051,2.0,1.0
250,154365,2.0,0.0
251,29223,2.0,0.0
252,342570,6.0,0.0
253,282717,6.0,0.0
254,337014,4.0,0.0
255,56479,3.0,0.0
256,225559,3.0,0.0
257,294697,2.0,1.0
258,231466,6.0,0.0
259,131173,0.0,1.0
260,412374,4.0,2.0
261,66849,4.0,1.0
262,292941,4.0,1.0
263,417169,2.0,0.0
264,68530,4.0,0.0
265,169352,3.0,0.0
266,221171,4.0,0.0
267,52820,3.0,0.0
268,369324,3.0,0.0
269,304629,4.0,0.0
270,305445,6.0,0.0
271,63139,2.0,1.0
272,83620,0.0,2.0
273,357811,2.0,1.0
274,45112,4.0,0.0
275,382036,2.0,0.0
276,130903,3.0,0.0
277,147089,4.0,0.0
278,373475,3.0,2.0
279,171761,2.0,
280,264204,0.0,0.0
281,303891,3.0,0.0
282,22080,0.0,0.0
283,240459,2.0,
284,137586,6.0,1.0
285,358048,2.0,0.0
286,184021,6.0,0.0
287,295432,0.0,0.0
288,387085,6.0,0.0
289,373522,3.0,0.0
290,53492,6.0,0.0
291,221954,3.0,0.0
292,165419,3.0,0.0
293,49887,4.0,0.0
294,245835,3.0,0.0
295,337825,3.0,0.0
296,191437,6.0,0.0
297,229597,6.0,0.0
298,28180,3.0,0.0
299,406624,3.0,0.0
300,235618,2.0,0.0
301,310894,2.0,1.0
302,187271,2.0,1.0
303,67250,3.0,1.0
304,260834,0.0,0.0
305,100094,3.0,0.0
306,209195,3.0,0.0
307,125021,0.0,0.0
308,60008,0.0,1.0
309,179054,0.0,1.0
310,412749,6.0,0.0
311,186265,0.0,1.0
312,399520,4.0,0.0
313,342178,3.0,0.0
314,257701,3.0,1.0
315,397270,3.0,0.0
316,123166,4.0,0.0
317,18332,3.0,0.0
318,231617,3.0,0.0
319,182264,4.0,0.0
320,92219,4.0,0.0
321,319568,2.0,1.0
322,294225,0.0,0.0
323,244618,0.0,0.0
324,76687,4.0,0.0
325,72994,6.0,0.0
326,146819,3.0,0.0
327,365267,4.0,1.0
328,275763,0.0,1.0
329,288235,3.0,0.0
330,262261,0.0,0.0
331,27050,3.0,0.0
332,276758,6.0,1.0
333,413738,4.0,1.0
334,286929,4.0,1.0
335,261085,0.0,0.0
336,212017,3.0,1.0
337,36934,3.0,0.0
338,24436,3.0,1.0
339,62102,0.0,0.0
340,226991,6.0,0.0
341,412538,3.0,0.0
342,415868,3.0,0.0
343,50367,7.0,0.0
344,175573,5.0,0.0
345,29263,4.0,0.0
346,397364,0.0,0.0
347,134459,3.0,0.0
348,89465,5.0,0.0
349,146865,3.0,1.0
350,73747,2.0,1.0
351,3728,3.0,0.0
352,343724,2.0,1.0
353,391664,0.0,0.0
354,63071,3.0,1.0
355,228477,3.0,0.0
356,66214,2.0,0.0
357,221278,3.0,0.0
358,80513,2.0,1.0
359,233111,0.0,0.0
360,117449,0.0,0.0
361,419069,5.0,0.0
362,31241,3.0,0.0
363,251811,4.0,0.0
364,49323,0.0,0.0
365,250704,6.0,0.0
366,153702,5.0,0.0
367,300405,0.0,0.0
368,103312,3.0,0.0
369,141586,2.0,0.0
370,360857,0.0,0.0
371,212216,0.0,1.0
372,267773,5.0,0.0
373,232253,4.0,0.0
374,389547,4.0,0.0
375,313155,6.0,0.0
376,153939,6.0,0.0
377,92004,3.0,1.0
378,188362,0.0,0.0
379,402151,4.0,0.0
380,387476,0.0,0.0
381,340640,3.0,0.0
382,217865,0.0,0.0
383,377354,4.0,0.0
384,190668,0.0,1.0
385,2823,3.0,0.0
386,310536,0.0,
387,308499,3.0,0.0
388,391464,5.0,0.0
389,349512,2.0,0.0
390,132280,0.0,1.0
391,335095,6.0,0.0
392,315074,2.0,1.0
393,204995,3.0,0.0
394,183533,4.0,1.0
395,148997,0.0,1.0
396,149339,0.0,1.0
397,369801,3.0,0.0
398,419649,4.0,0.0
399,128619,3.0,0.0
400,85636,3.0,0.0
401,398014,4.0,0.0
402,411646,2.0,1.0
403,48302,3.0,0.0
404,113681,3.0,1.0
405,161054,3.0,0.0
406,201512,4.0,0.0
407,285998,4.0,0.0
408,169781,6.0,0.0
409,120650,3.0,0.0
410,131478,3.0,0.0
411,179404,4.0,0.0
412,76792,6.0,0.0
413,219536,5.0,1.0
414,170264,3.0,0.0
415,105002,0.0,1.0
416,159366,5.0,1.0
417,111543,0.0,0.0
418,256974,2.0,1.0
419,258288,0.0,0.0
420,297018,5.0,2.0
421,153174,3.0,0.0
422,355261,0.0,0.0
423,87121,0.0,0.0
424,280420,3.0,1.0
425,328445,4.0,0.0
426,129569,0.0,0.0
427,116528,2.0,0.0
428,32145,4.0,0.0
429,399855,3.0,2.0
430,302085,6.0,0.0
431,375600,4.0,1.0
432,69772,4.0,0.0
433,319396,3.0,0.0
434,25867,4.0,0.0
435,204898,4.0,0.0
436,26840,4.0,0.0
437,139742,5.0,0.0
438,91628,2.0,0.0
439,292910,3.0,1.0
440,289367,0.0,0.0
441,165752,0.0,1.0
442,360615,3.0,0.0
443,385722,5.0,1.0
444,305688,5.0,0.0
445,209730,4.0,1.0
446,202839,2.0,0.0
447,199402,2.0,1.0
448,197101,3.0,1.0
449,224752,4.0,2.0
450,354076,0.0,0.0
451,172897,2.0,0.0
452,160673,2.0,0.0
453,243635,3.0,0.0
454,41489,2.0,
455,23402,0.0,0.0
456,289227,7.0,1.0
457,90483,4.0,0.0
458,80260,0.0,1.0
459,265921,3.0,0.0
460,66037,4.0,1.0
461,269692,4.0,0.0
462,15002,0.0,0.0
463,261677,4.0,1.0
464,399704,4.0,0.0
465,40215,2.0,0.0
466,140971,0.0,0.0
467,113947,0.0,0.0
468,168805,0.0,0.0
469,232115,6.0,0.0
470,275771,5.0,0.0
471,40908,4.0,0.0
472,12768,5.0,0.0
473,206085,0.0,0.0
474,37425,2.0,1.0
475,87870,3.0,0.0
476,120211,0.0,1.0
477,42943,5.0,1.0
478,407054,3.0,1.0
479,65825,3.0,1.0
480,298817,0.0,0.0
481,133818,2.0,1.0
482,39612,2.0,0.0
483,107859,4.0,0.0
484,154978,0.0,0.0
485,82175,6.0,0.0
486,200525,4.0,0.0
487,408519,3.0,1.0
488,191697,2.0,1.0
489,423936,3.0,1.0
490,40965,5.0,0.0
491,105855,0.0,0.0
492,139190,3.0,0.0
493,95948,0.0,1.0
494,18521,5.0,1.0
495,51566,3.0,1.0
496,182715,0.0,1.0
497,21522,5.0,1.0
498,37422,2.0,0.0
499,413511,4.0,1.0
500,197733,6.0,0.0
501,284566,0.0,0.0
502,247522,3.0,0.0
503,422503,3.0,1.0
504,117112,0.0,0.0
505,226442,4.0,0.0
506,283682,2.0,0.0
507,161594,6.0,1.0
508,255332,0.0,0.0
509,348029,0.0,0.0
510,394408,2.0,0.0
511,59578,6.0,0.0
512,33739,2.0,0.0
513,374684,4.0,1.0
514,96779,4.0,1.0
515,187457,4.0,1.0
516,259145,4.0,1.0
517,315995,3.0,0.0
518,218004,4.0,
519,154299,0.0,0.0
520,254475,3.0,0.0
521,97335,2.0,1.0
522,221620,5.0,0.0
523,244723,7.0,0.0
524,359203,3.0,1.0
525,125831,4.0,1.0
526,153743,0.0,0.0
527,381627,6.0,1.0
528,193068,4.0,0.0
529,5967,4.0,0.0
530,277098,6.0,0.0
531,126063,5.0,2.0
532,191641,7.0,0.0
533,22243,3.0,0.0
534,381326,0.0,1.0
535,10937,0.0,1.0
536,40682,6.0,1.0
537,287625,5.0,1.0
538,188311,0.0,0.0
539,200416,5.0,0.0
540,309766,3.0,0.0
541,331354,3.0,0.0
542,337243,0.0,0.0
543,84653,3.0,0.0
544,141758,4.0,1.0
545,171776,0.0,
546,69941,0.0,0.0
547,89043,5.0,0.0
548,154176,3.0,1.0
549,151902,6.0,0.0
550,66709,5.0,1.0
551,146387,4.0,2.0
552,317681,2.0,1.0
553,399629,0.0,1.0
554,118574,0.0,0.0
555,269399,0.0,0.0
556,272471,6.0,1.0
557,199101,5.0,0.0
558,384240,5.0,0.0
559,162339,3.0,0.0
560,123535,3.0,0.0
561,31231,2.0,1.0
562,423208,3.0,0.0
563,412204,5.0,0.0
564,348238,4.0,0.0
565,178516,3.0,0.0
566,189227,4.0,0.0
567,119111,,
568,169808,4.0,0.0
569,57428,5.0,0.0
570,352355,0.0,0.0
571,308121,5.0,0.0
572,322782,6.0,0.0
573,14637,3.0,0.0
574,130644,4.0,0.0
575,105054,0.0,0.0
576,40621,5.0,1.0
577,394285,2.0,0.0
578,12880,3.0,0.0
579,264170,6.0,0.0
580,65433,5.0,0.0
581,60432,2.0,1.0
582,77337,2.0,0.0
583,213543,6.0,0.0
584,290953,5.0,0.0
585,291637,7.0,0.0
586,392272,4.0,0.0
587,137321,3.0,0.0
588,189402,0.0,0.0
589,186660,3.0,0.0
590,204712,4.0,0.0
591,251777,4.0,1.0
592,362828,4.0,1.0
593,147705,6.0,0.0
594,410406,3.0,0.0
595,184689,3.0,0.0
596,241897,4.0,0.0
597,39658,6.0,0.0
598,360743,3.0,0.0
599,139188,3.0,1.0
600,94191,4.0,0.0
601,305184,5.0,1.0
602,202362,3.0,0.0
603,214653,3.0,0.0
604,116902,,
605,88108,4.0,0.0
606,98170,6.0,0.0
607,390594,0.0,0.0
608,239304,0.0,0.0
609,228150,2.0,1.0
610,362361,6.0,0.0
611,332419,0.0,0.0
612,51370,4.0,0.0
613,230062,5.0,0.0
614,332536,3.0,0.0
615,199678,2.0,0.0
616,84313,3.0,0.0
617,406958,6.0,1.0
618,357305,4.0,0.0
619,104441,2.0,0.0
620,342599,4.0,0.0
621,304515,3.0,1.0
622,54723,3.0,0.0
623,193506,5.0,0.0
624,331561,4.0,1.0
625,165644,5.0,0.0
626,338549,5.0,0.0
627,173148,3.0,0.0
628,116137,6.0,0.0
629,283618,3.0,0.0
630,358429,3.0,0.0
631,396604,6.0,1.0
632,191071,3.0,0.0
633,79480,3.0,0.0
634,119885,0.0,0.0
635,149594,6.0,1.0
636,239508,3.0,1.0
637,178182,6.0,0.0
638,248082,0.0,0.0
639,114714,0.0,0.0
640,419133,0.0,0.0
641,374865,3.0,0.0
642,319062,3.0,1.0
643,345963,0.0,0.0
644,105967,5.0,0.0
645,116479,5.0,1.0
646,125315,2.0,0.0
647,52181,0.0,0.0
648,336671,4.0,1.0
649,28214,3.0,1.0
650,186333,0.0,0.0
651,243300,0.0,1.0
652,341161,2.0,0.0
653,412099,5.0,0.0
654,42472,0.0,1.0
655,314347,0.0,0.0
656,352840,4.0,0.0
657,272482,4.0,1.0
658,337559,3.0,0.0
659,372437,2.0,0.0
660,107810,5.0,0.0
661,157608,0.0,1.0
662,241200,6.0,1.0
663,166390,2.0,0.0
664,386504,4.0,0.0
665,369110,0.0,0.0
666,107738,4.0,2.0
667,150657,2.0,0.0
668,9357,4.0,0.0
669,244644,4.0,2.0
670,265476,4.0,0.0
671,215343,0.0,1.0
672,87847,3.0,0.0
673,319027,0.0,0.0
674,331837,5.0,0.0
675,3683,4.0,1.0
676,128102,0.0,0.0
677,337566,5.0,0.0
678,82680,3.0,0.0
679,90660,3.0,0.0
680,372033,2.0,0.0
681,99705,0.0,1.0
682,310481,3.0,0.0
683,162602,0.0,0.0
684,101681,7.0,1.0
685,409151,2.0,0.0
686,357479,3.0,0.0
687,421794,,
688,368307,5.0,1.0
689,365859,0.0,0.0
690,315204,,
691,71022,6.0,0.0
692,184729,3.0,1.0
693,290287,0.0,1.0
694,148249,2.0,1.0
695,69436,6.0,0.0
696,60572,4.0,0.0
697,282020,3.0,0.0
698,162470,0.0,1.0
699,77246,6.0,0.0
700,17183,4.0,0.0
701,78122,3.0,
702,328259,4.0,0.0
703,378998,6.0,1.0
704,365481,3.0,0.0
705,123600,2.0,0.0
706,384552,0.0,0.0
707,61117,0.0,1.0
708,397552,3.0,1.0
709,380419,0.0,0.0
710,322585,3.0,0.0
711,194359,3.0,0.0
712,334562,6.0,0.0
713,243491,3.0,0.0
714,334464,5.0,0.0
715,85131,3.0,0.0
716,295887,,
717,24300,0.0,0.0
718,81723,0.0,
719,74055,3.0,0.0
720,387991,0.0,0.0
721,64921,0.0,1.0
722,51487,0.0,0.0
723,257344,4.0,0.0
724,105028,6.0,0.0
725,406642,2.0,1.0
726,291734,6.0,0.0
727,412868,0.0,1.0
728,30701,4.0,1.0
729,413762,3.0,1.0
730,195398,2.0,0.0
731,313542,2.0,1.0
732,2652,3.0,0.0
733,175737,4.0,0.0
734,185803,5.0,0.0
735,364654,4.0,0.0
736,366964,4.0,2.0
737,160916,4.0,0.0
738,126695,5.0,0.0
739,55796,0.0,1.0
740,348419,3.0,0.0
741,106292,3.0,0.0
742,365651,4.0,0.0
743,371033,0.0,0.0
744,97263,4.0,0.0
745,53286,3.0,0.0
746,10282,5.0,0.0
747,407036,4.0,0.0
748,47930,3.0,1.0
749,37436,4.0,1.0
750,318272,0.0,0.0
751,47192,6.0,1.0
752,318081,3.0,0.0
753,101535,0.0,0.0
754,287406,5.0,0.0
755,364995,0.0,0.0
756,283356,0.0,1.0
757,168729,3.0,2.0
758,313117,5.0,0.0
759,255028,,
760,337264,0.0,0.0
761,319348,2.0,0.0
762,322171,2.0,0.0
763,254865,2.0,0.0
764,409521,6.0,1.0
765,264201,4.0,1.0
766,141106,3.0,0.0
767,220076,3.0,0.0
768,43736,5.0,0.0
769,274454,3.0,0.0
770,167018,6.0,1.0
771,66422,4.0,1.0
772,73368,6.0,0.0
773,398508,3.0,0.0
774,386493,5.0,1.0
775,172518,3.0,0.0
776,397170,3.0,1.0
777,281059,5.0,0.0
778,101264,4.0,1.0
779,145055,2.0,0.0
780,34979,3.0,1.0
781,96017,7.0,1.0
782,104082,3.0,0.0
783,335004,5.0,0.0
784,140979,2.0,1.0
785,258345,6.0,0.0
786,243088,4.0,0.0
787,319903,3.0,0.0
788,352930,2.0,0.0
789,399082,3.0,0.0
790,306670,0.0,0.0
791,94462,2.0,0.0
792,187918,0.0,0.0
793,886,6.0,1.0
794,399851,0.0,0.0
795,383738,5.0,1.0
796,263531,0.0,1.0
797,174378,4.0,0.0
798,294805,4.0,1.0
799,173734,5.0,0.0
800,259252,4.0,1.0
801,336880,0.0,0.0
802,316939,4.0,0.0
803,224020,4.0,1.0
804,365189,0.0,1.0
805,410783,2.0,0.0
806,424034,4.0,1.0
807,328596,3.0,2.0
808,286512,0.0,1.0
809,56230,,
810,172201,4.0,1.0
811,305599,4.0,1.0
812,223552,3.0,1.0
813,231505,3.0,0.0
814,253610,0.0,0.0
815,86735,4.0,0.0
816,332258,5.0,2.0
817,217322,5.0,1.0
818,18737,2.0,1.0
819,359015,5.0,0.0
820,28878,3.0,0.0
821,220635,2.0,1.0
822,85675,2.0,1.0
823,176107,4.0,0.0
824,316486,4.0,0.0
825,327283,2.0,0.0
826,220814,3.0,0.0
827,270998,3.0,1.0
828,225947,6.0,
829,394676,4.0,1.0
830,137189,3.0,1.0
831,39509,0.0,0.0
832,317537,4.0,0.0
833,355212,4.0,0.0
834,190608,3.0,1.0
835,97680,0.0,0.0
836,20211,3.0,1.0
837,261468,2.0,0.0
838,353170,4.0,1.0
839,205003,3.0,0.0
840,122416,4.0,0.0
841,247678,4.0,0.0
842,109493,6.0,2.0
843,59858,0.0,0.0
844,98552,3.0,1.0
845,357906,3.0,0.0
846,146457,0.0,1.0
847,385098,3.0,0.0
848,290695,4.0,0.0
849,227314,3.0,0.0
850,20038,4.0,0.0
851,252760,5.0,1.0
852,198131,0.0,0.0
853,313883,4.0,0.0
854,310637,0.0,0.0
855,284838,3.0,1.0
856,255429,3.0,1.0
857,357378,0.0,0.0
858,117783,0.0,0.0
859,236115,3.0,0.0
860,168537,0.0,2.0
861,204184,2.0,0.0
862,220315,3.0,1.0
863,2278,3.0,0.0
864,196726,3.0,0.0
865,400679,4.0,0.0
866,124275,4.0,0.0
867,224926,4.0,0.0
868,399352,4.0,2.0
869,14452,2.0,1.0
870,420220,3.0,0.0
871,177752,5.0,1.0
872,370599,0.0,0.0
873,83451,4.0,0.0
874,297051,3.0,0.0
875,160113,5.0,1.0
876,15043,6.0,1.0
877,45791,7.0,0.0
878,24143,0.0,0.0
879,316514,0.0,0.0
880,275901,3.0,0.0
881,181485,5.0,0.0
882,420138,3.0,0.0
883,347445,2.0,0.0
884,209769,0.0,0.0
885,219779,6.0,0.0
886,70037,4.0,1.0
887,72380,4.0,0.0
888,7745,5.0,0.0
889,406367,6.0,0.0
890,207722,4.0,0.0
891,404846,3.0,0.0
892,70866,0.0,1.0
893,337911,3.0,0.0
894,262749,6.0,0.0
895,119515,4.0,1.0
896,129910,3.0,0.0
897,113330,0.0,1.0
898,94673,0.0,0.0
899,186095,0.0,0.0
900,137355,0.0,0.0
901,175263,4.0,0.0
902,305154,3.0,0.0
903,349522,3.0,0.0
904,118001,0.0,1.0
905,290426,6.0,0.0
906,394908,4.0,0.0
907,263421,4.0,0.0
908,62629,0.0,0.0
909,93922,4.0,1.0
910,335359,5.0,1.0
911,143318,6.0,0.0
912,299796,3.0,0.0
913,208780,3.0,0.0
914,82078,3.0,0.0
915,135292,0.0,0.0
916,68030,3.0,1.0
917,39434,3.0,0.0
918,60303,3.0,1.0
919,399504,4.0,0.0
920,119043,5.0,0.0
921,32022,5.0,0.0
922,152439,3.0,0.0
923,179362,4.0,1.0
924,258988,2.0,1.0
925,60694,4.0,0.0
926,175156,5.0,0.0
927,354320,0.0,0.0
928,68934,0.0,0.0
929,192661,6.0,0.0
930,121003,4.0,1.0
931,105175,4.0,0.0
932,223486,3.0,0.0
933,383242,4.0,0.0
934,61468,6.0,0.0
935,354358,6.0,0.0
936,188251,0.0,0.0
937,311003,3.0,0.0
938,203318,4.0,0.0
939,356972,3.0,0.0
940,379593,4.0,1.0
941,333697,3.0,1.0
942,415126,4.0,1.0
943,80857,7.0,1.0
944,348484,0.0,1.0
945,243596,6.0,0.0
946,358901,2.0,1.0
947,122873,3.0,0.0
948,271934,3.0,0.0
949,219716,3.0,0.0
950,140150,3.0,1.0
951,104481,3.0,1.0
952,308547,4.0,1.0
953,327756,4.0,0.0
954,50416,4.0,0.0
955,392758,2.0,0.0
956,401291,4.0,0.0
957,188573,4.0,0.0
958,135584,3.0,0.0
959,150995,5.0,1.0
960,48522,0.0,0.0
961,190632,2.0,0.0
962,347835,3.0,0.0
963,237132,0.0,1.0
964,396903,5.0,0.0
965,234099,2.0,0.0
966,303031,0.0,0.0
967,197056,0.0,0.0
968,237001,0.0,0.0
969,219604,4.0,0.0
970,173563,3.0,0.0
971,275008,0.0,0.0
972,143203,3.0,0.0
973,171370,4.0,0.0
974,123281,4.0,1.0
975,298439,3.0,0.0
976,68123,4.0,0.0
977,43613,4.0,0.0
978,222606,0.0,0.0
979,96186,2.0,0.0
980,152910,3.0,0.0
981,315984,3.0,0.0
982,88680,4.0,0.0
983,60034,3.0,0.0
984,102565,4.0,0.0
985,371251,0.0,0.0
986,278356,3.0,0.0
987,394078,0.0,0.0
988,228026,6.0,0.0
989,352076,4.0,0.0
990,1161,5.0,1.0
991,362484,4.0,0.0
992,250926,0.0,0.0
993,76134,4.0,0.0
994,235435,5.0,1.0
995,416869,5.0,0.0
996,243049,8.0,1.0
997,270323,3.0,1.0
998,48410,6.0,0.0
999,130904,5.0,0.0
1000,384294,4.0,0.0
1001,171321,3.0,1.0
1002,372370,0.0,0.0
1003,201874,0.0,1.0
1004,59626,6.0,2.0
1005,164593,0.0,0.0
1006,139381,4.0,0.0
1007,142055,0.0,1.0
1008,245801,6.0,0.0
1009,312929,,
1010,28557,4.0,0.0
1011,32965,4.0,0.0
1012,409312,5.0,2.0
1013,366562,0.0,1.0
1014,272128,2.0,1.0
1015,104482,4.0,1.0
1016,103033,2.0,0.0
1017,281648,3.0,1.0
1018,410420,5.0,1.0
1019,229983,6.0,0.0
1020,276550,3.0,0.0
1021,335944,4.0,2.0
1022,363604,0.0,0.0
1023,354388,4.0,1.0
1024,223157,3.0,0.0
1025,56988,0.0,1.0
1026,339360,6.0,0.0
1027,32973,4.0,1.0
1028,193536,4.0,0.0
1029,44034,2.0,1.0
1030,129876,0.0,0.0
1031,133405,4.0,1.0
1032,25975,6.0,0.0
1033,189128,4.0,0.0
1034,328949,4.0,0.0
1035,358430,0.0,0.0
1036,77897,2.0,1.0
1037,266570,4.0,1.0
1038,347996,4.0,2.0
1039,318091,6.0,0.0
1040,245431,4.0,2.0
1041,49906,4.0,1.0
1042,142204,0.0,0.0
1043,8330,0.0,1.0
1044,83348,0.0,0.0
1045,267440,2.0,1.0
1046,127943,3.0,1.0
1047,408839,3.0,0.0
1048,256835,3.0,2.0
1049,136731,3.0,1.0
1050,54481,5.0,2.0
1051,10213,3.0,0.0
1052,199429,0.0,0.0
1053,57394,4.0,0.0
1054,301879,2.0,0.0
1055,365146,3.0,0.0
1056,419434,,
1057,129671,4.0,1.0
1058,165528,4.0,0.0
1059,97434,3.0,0.0
1060,365844,2.0,0.0
1061,295461,3.0,0.0
1062,244290,0.0,0.0
1063,148596,3.0,0.0
1064,181374,4.0,0.0
1065,124555,0.0,0.0
1066,238609,0.0,0.0
1067,239143,3.0,0.0
1068,100465,6.0,0.0
1069,316055,0.0,0.0
1070,353000,3.0,0.0
1071,410858,6.0,1.0
1072,403703,6.0,0.0
1073,120842,0.0,0.0
1074,271569,6.0,0.0
1075,172245,6.0,0.0
1076,322266,0.0,1.0
1077,163872,4.0,0.0
1078,25516,3.0,0.0
1079,68809,0.0,0.0
1080,215149,2.0,0.0
1081,409720,4.0,0.0
1082,87968,7.0,0.0
1083,221093,6.0,0.0
1084,374951,3.0,0.0
1085,151370,4.0,0.0
1086,119490,0.0,0.0
1087,142815,2.0,0.0
1088,178843,0.0,1.0
1089,207248,0.0,1.0
1090,219281,4.0,0.0
1091,385469,6.0,0.0
1092,76802,3.0,0.0
1093,145302,0.0,1.0
1094,261990,3.0,1.0
1095,391032,6.0,1.0
1096,23200,6.0,0.0
1097,84235,3.0,2.0
1098,113998,0.0,0.0
1099,209882,0.0,0.0
1100,20186,5.0,1.0
1101,284147,4.0,1.0
1102,357389,,
1103,237089,0.0,0.0
1104,233874,0.0,1.0
1105,134262,0.0,1.0
1106,243082,0.0,0.0
1107,266896,3.0,0.0
1108,73189,2.0,1.0
1109,199739,0.0,1.0
1110,2933,3.0,2.0
1111,342309,4.0,1.0
1112,109979,4.0,2.0
1113,189545,6.0,0.0
1114,245136,5.0,0.0
1115,84414,3.0,0.0
1116,258531,0.0,0.0
1117,275703,0.0,1.0
1118,185400,4.0,0.0
1119,102808,4.0,0.0
1120,136954,0.0,0.0
1121,240922,6.0,1.0
1122,241292,6.0,0.0
1123,364955,4.0,1.0
1124,29090,4.0,0.0
1125,405674,3.0,0.0
1126,333500,4.0,1.0
1127,274628,5.0,0.0
1128,121094,0.0,0.0
1129,292982,7.0,0.0
1130,273309,7.0,1.0
1131,405924,5.0,1.0
1132,248823,5.0,0.0
1133,419637,0.0,1.0
1134,293688,4.0,0.0
1135,324933,3.0,0.0
1136,343371,4.0,0.0
1137,411310,5.0,0.0
1138,347947,3.0,0.0
1139,141925,6.0,1.0
1140,8081,4.0,1.0
1141,305621,6.0,0.0
1142,11747,2.0,0.0
1143,259916,6.0,0.0
1144,240522,2.0,0.0
1145,111363,3.0,0.0
1146,167677,4.0,0.0
1147,303827,3.0,1.0
1148,207899,4.0,0.0
1149,344390,4.0,0.0
1150,182129,4.0,0.0
1151,36792,5.0,0.0
1152,310548,0.0,0.0
1153,272670,3.0,
1154,154983,0.0,0.0
1155,214380,2.0,0.0
1156,285937,3.0,1.0
1157,98768,2.0,0.0
1158,370673,4.0,0.0
1159,209625,4.0,0.0
1160,1845,6.0,0.0
1161,346698,2.0,0.0
1162,328059,3.0,0.0
1163,384160,0.0,1.0
1164,104617,0.0,1.0
1165,62137,3.0,1.0
1166,333595,3.0,0.0
1167,247349,6.0,0.0
1168,78219,4.0,0.0
1169,287418,6.0,0.0
1170,160972,0.0,0.0
1171,254170,3.0,1.0
1172,131830,5.0,0.0
1173,168709,3.0,0.0
1174,251914,0.0,1.0
1175,250640,3.0,0.0
1176,301610,2.0,0.0
1177,4154,2.0,1.0
1178,393921,3.0,0.0
1179,92892,4.0,1.0
1180,218907,5.0,1.0
1181,136006,8.0,1.0
1182,356680,2.0,1.0
1183,367180,5.0,1.0
1184,303469,4.0,0.0
1185,404360,6.0,0.0
1186,412446,3.0,0.0
1187,374935,4.0,0.0
1188,245086,5.0,0.0
1189,170198,3.0,1.0
1190,203852,3.0,1.0
1191,295845,3.0,2.0
1192,159457,3.0,0.0
1193,75637,0.0,1.0
1194,172496,6.0,0.0
1195,294386,3.0,0.0
1196,414986,3.0,0.0
1197,327968,7.0,1.0
1198,353709,4.0,0.0
1199,326370,5.0,0.0
1200,283404,2.0,0.0
1201,291363,0.0,0.0
1202,47397,4.0,1.0
1203,277107,2.0,1.0
1204,405718,2.0,0.0
1205,198916,4.0,0.0
1206,82595,4.0,0.0
1207,43187,4.0,0.0
1208,55241,2.0,1.0
1209,5523,2.0,1.0
1210,62367,3.0,0.0
1211,1695,4.0,1.0
1212,98721,3.0,0.0
1213,56556,2.0,0.0
1214,36909,3.0,0.0
1215,14661,4.0,0.0
1216,109668,3.0,0.0
1217,168819,4.0,0.0
1218,190093,8.0,0.0
1219,293572,0.0,0.0
1220,142816,0.0,1.0
1221,402913,4.0,1.0
1222,165922,2.0,0.0
1223,79766,2.0,0.0
1224,310223,0.0,0.0
1225,155663,0.0,1.0
1226,332022,5.0,0.0
1227,155284,6.0,0.0
1228,53245,4.0,1.0
1229,160646,6.0,0.0
1230,60071,6.0,1.0
1231,190166,0.0,1.0
1232,403055,2.0,0.0
1233,48603,6.0,0.0
1234,172515,0.0,0.0
1235,101679,6.0,1.0
1236,321223,3.0,0.0
1237,106459,6.0,0.0
1238,226399,4.0,1.0
1239,223112,0.0,0.0
1240,308807,6.0,0.0
1241,289209,0.0,0.0
1242,67869,2.0,1.0
1243,98640,2.0,0.0
1244,62638,3.0,0.0
1245,77776,3.0,0.0
1246,51766,7.0,0.0
1247,109467,0.0,1.0
1248,353748,3.0,0.0
1249,373467,4.0,1.0
1250,358779,6.0,0.0
1251,224899,2.0,1.0
1252,290005,3.0,1.0
1253,88063,4.0,1.0
1254,134665,3.0,0.0
1255,46381,4.0,0.0
1256,329044,3.0,0.0
1257,187003,0.0,1.0
1258,344573,0.0,0.0
1259,230553,0.0,0.0
1260,23244,0.0,0.0
1261,380643,4.0,0.0
1262,216837,0.0,0.0
1263,189273,4.0,0.0
1264,337585,3.0,0.0
1265,251416,3.0,0.0
1266,386714,3.0,2.0
1267,253391,4.0,0.0
1268,233288,7.0,0.0
1269,169550,5.0,0.0
1270,190034,3.0,0.0
1271,298404,3.0,0.0
1272,414435,0.0,0.0
1273,50940,3.0,1.0
1274,287529,0.0,0.0
1275,240456,0.0,0.0
1276,195930,2.0,1.0
1277,147601,3.0,1.0
1278,121306,3.0,0.0
1279,146672,0.0,0.0
1280,421121,3.0,0.0
1281,353333,0.0,1.0
1282,231242,3.0,0.0
1283,120813,4.0,0.0
1284,166158,3.0,0.0
1285,341665,4.0,1.0
1286,283576,3.0,1.0
1287,65809,0.0,0.0
1288,369757,3.0,0.0
1289,367480,0.0,0.0
1290,243161,0.0,0.0
1291,300392,2.0,0.0
1292,21414,0.0,1.0
1293,127149,4.0,0.0
1294,129240,5.0,1.0
1295,137706,4.0,1.0
1296,125163,3.0,0.0
1297,380569,2.0,0.0
1298,143011,0.0,
1299,262231,4.0,1.0
1300,206440,0.0,
1301,404186,0.0,0.0
1302,168173,0.0,0.0
1303,419570,0.0,1.0
1304,74172,2.0,1.0
1305,136647,5.0,0.0
1306,9933,3.0,0.0
1307,54774,3.0,0.0
1308,181758,4.0,2.0
1309,34335,2.0,0.0
1310,45,3.0,2.0
1311,237466,3.0,1.0
1312,108730,2.0,0.0
1313,2788,0.0,0.0
1314,389677,0.0,1.0
1315,90424,3.0,1.0
1316,108497,3.0,0.0
1317,144737,4.0,0.0
1318,262792,5.0,0.0
1319,330286,0.0,0.0
1320,96832,6.0,1.0
1321,421037,3.0,0.0
1322,207611,3.0,1.0
1323,151547,3.0,0.0
1324,265013,0.0,0.0
1325,331254,3.0,0.0
1326,337401,2.0,
1327,82434,3.0,0.0
1328,116769,3.0,0.0
1329,301152,0.0,0.0
1330,224173,3.0,0.0
1331,351448,3.0,1.0
1332,30190,0.0,0.0
1333,373315,3.0,1.0
1334,322126,3.0,0.0
1335,136739,0.0,1.0
1336,337445,0.0,0.0
1337,114815,3.0,1.0
1338,22245,5.0,0.0
1339,297468,6.0,0.0
1340,34845,4.0,1.0
1341,223308,0.0,1.0
1342,266091,4.0,0.0
1343,87930,0.0,0.0
1344,323454,3.0,0.0
1345,157150,0.0,1.0
1346,360976,2.0,1.0
1347,159772,3.0,0.0
1348,378154,3.0,2.0
1349,132542,7.0,1.0
1350,179960,4.0,1.0
1351,326043,4.0,0.0
1352,205215,5.0,0.0
1353,206127,4.0,1.0
1354,13756,3.0,0.0
1355,82627,6.0,1.0
1356,56290,3.0,1.0
1357,402472,3.0,1.0
1358,5426,0.0,0.0
1359,60215,0.0,0.0
1360,66893,0.0,0.0
1361,27500,4.0,1.0
1362,400305,3.0,0.0
1363,82884,4.0,0.0
1364,152682,5.0,1.0
1365,30160,4.0,0.0
1366,356683,0.0,1.0
1367,28325,4.0,1.0
1368,344009,4.0,0.0
1369,73073,0.0,0.0
1370,299424,0.0,0.0
1371,242511,3.0,0.0
1372,104799,4.0,0.0
1373,52780,0.0,1.0
1374,133474,2.0,1.0
1375,394643,4.0,0.0
1376,265220,5.0,1.0
1377,397376,4.0,0.0
1378,112505,4.0,0.0
1379,391802,3.0,0.0
1380,214731,3.0,1.0
1381,285174,3.0,0.0
1382,88620,3.0,0.0
1383,52782,6.0,0.0
1384,23391,4.0,0.0
1385,356809,3.0,0.0
1386,163807,2.0,0.0
1387,120079,4.0,0.0
1388,265774,2.0,0.0
1389,70219,3.0,1.0
1390,7553,3.0,0.0
1391,404756,0.0,0.0
1392,126260,4.0,0.0
1393,293465,5.0,0.0
1394,345707,7.0,0.0
1395,365319,3.0,1.0
1396,78696,2.0,0.0
1397,43647,0.0,0.0
1398,213091,5.0,0.0
1399,377925,6.0,0.0
1400,15993,3.0,1.0
1401,358036,0.0,
1402,242983,7.0,0.0
1403,310366,7.0,1.0
1404,384182,0.0,0.0
1405,375833,0.0,0.0
1406,170084,4.0,0.0
1407,235185,3.0,1.0
1408,79602,0.0,0.0
1409,373767,3.0,0.0
1410,175404,4.0,0.0
1411,169345,7.0,0.0
1412,20371,3.0,0.0
1413,423319,3.0,0.0
1414,22954,,
1415,299989,3.0,1.0
1416,192289,3.0,0.0
1417,12394,0.0,1.0
1418,258518,2.0,1.0
1419,181695,6.0,0.0
1420,103668,4.0,0.0
1421,10770,3.0,0.0
1422,242001,0.0,0.0
1423,79980,6.0,1.0
1424,243133,0.0,1.0
1425,390922,2.0,0.0
1426,378484,0.0,0.0
1427,306590,0.0,1.0
1428,339950,4.0,1.0
1429,139853,0.0,0.0
1430,275792,4.0,1.0
1431,244322,3.0,0.0
1432,336780,0.0,0.0
1433,323643,4.0,0.0
1434,406080,4.0,0.0
1435,292798,2.0,0.0
1436,297187,3.0,1.0
1437,338962,3.0,0.0
1438,279176,8.0,1.0
1439,357005,3.0,0.0
1440,31892,5.0,0.0
1441,167852,5.0,0.0
1442,94928,2.0,0.0
1443,296420,2.0,0.0
1444,331974,2.0,0.0
1445,84679,5.0,0.0
1446,392440,0.0,1.0
1447,104230,5.0,0.0
1448,391006,3.0,0.0
1449,5479,3.0,0.0
1450,348028,4.0,1.0
1451,187781,0.0,0.0
1452,170921,2.0,1.0
1453,154556,0.0,1.0
1454,210680,3.0,0.0
1455,336549,0.0,0.0
1456,349683,4.0,1.0
1457,36852,0.0,0.0
1458,363045,4.0,0.0
1459,143427,6.0,1.0
1460,145506,2.0,0.0
1461,354487,4.0,1.0
1462,64228,3.0,0.0
1463,197428,0.0,0.0
1464,202072,4.0,1.0
1465,416098,6.0,0.0
1466,18277,3.0,1.0
1467,75892,6.0,1.0
1468,147491,3.0,0.0
1469,62910,3.0,0.0
1470,3288,5.0,0.0
1471,197124,0.0,0.0
1472,265989,4.0,0.0
1473,34314,6.0,0.0
1474,189913,3.0,0.0
1475,275938,2.0,1.0
1476,393187,5.0,
1477,422234,4.0,0.0
1478,47874,0.0,0.0
1479,324381,0.0,0.0
1480,286761,4.0,0.0
1481,319848,0.0,0.0
1482,42111,5.0,0.0
1483,160948,7.0,0.0
1484,283156,2.0,0.0
1485,308059,3.0,0.0
1486,422108,3.0,2.0
1487,277025,2.0,1.0
1488,320810,6.0,1.0
1489,355889,2.0,1.0
1490,79488,0.0,0.0
1491,272076,4.0,0.0
1492,286734,5.0,1.0
1493,183573,3.0,0.0
1494,234783,3.0,0.0
1495,414258,2.0,0.0
1496,233209,2.0,0.0
1497,250426,0.0,0.0
1498,316658,6.0,0.0
1499,147017,3.0,0.0
1500,301439,3.0,0.0
1501,106374,2.0,0.0
1502,157593,3.0,1.0
1503,309165,6.0,0.0
1504,29955,3.0,1.0
1505,315657,4.0,2.0
1506,254437,3.0,0.0
1507,65411,2.0,1.0
1508,414134,3.0,0.0
1509,276227,2.0,0.0
1510,224015,3.0,0.0
1511,230699,2.0,0.0
1512,269105,3.0,0.0
1513,259940,2.0,0.0
1514,142187,2.0,0.0
1515,68736,4.0,1.0
1516,341904,6.0,1.0
1517,372435,6.0,0.0
1518,105907,3.0,0.0
1519,400849,2.0,0.0
1520,302575,3.0,0.0
1521,207193,4.0,0.0
1522,85081,3.0,0.0
1523,105832,5.0,0.0
1524,13174,3.0,0.0
1525,135802,3.0,0.0
1526,309854,6.0,1.0
1527,342507,3.0,0.0
1528,259662,3.0,0.0
1529,271258,0.0,1.0
1530,388366,2.0,1.0
1531,129325,4.0,0.0
1532,422455,0.0,0.0
1533,345661,3.0,0.0
1534,344938,2.0,
1535,129420,3.0,0.0
1536,106428,5.0,0.0
1537,65328,3.0,0.0
1538,376128,0.0,1.0
1539,128337,3.0,1.0
1540,53847,6.0,1.0
1541,336781,0.0,0.0
1542,280768,0.0,0.0
1543,346111,3.0,1.0
1544,94777,4.0,0.0
1545,368731,0.0,0.0
1546,337286,0.0,0.0
1547,60827,3.0,1.0
1548,43709,0.0,0.0
1549,217091,7.0,1.0
1550,161846,0.0,0.0
1551,346682,0.0,0.0
1552,295074,4.0,0.0
1553,221484,3.0,1.0
1554,165453,4.0,0.0
1555,150351,3.0,1.0
1556,224868,3.0,0.0
1557,350377,6.0,0.0
1558,390913,5.0,0.0
1559,192280,0.0,0.0
1560,197158,5.0,1.0
1561,8041,2.0,1.0
1562,284788,4.0,1.0
1563,292477,6.0,1.0
1564,328601,0.0,0.0
1565,262589,4.0,0.0
1566,78020,2.0,0.0
1567,133847,3.0,1.0
1568,153426,4.0,0.0
1569,166849,2.0,0.0
1570,344806,3.0,1.0
1571,386812,4.0,0.0
1572,340774,3.0,0.0
1573,96788,3.0,1.0
1574,174875,3.0,0.0
1575,285986,3.0,0.0
1576,289334,6.0,0.0
1577,138365,0.0,0.0
1578,344256,4.0,1.0
1579,382956,6.0,0.0
1580,8499,4.0,0.0
1581,232159,0.0,0.0
1582,221407,0.0,0.0
1583,6409,3.0,0.0
1584,270382,2.0,0.0
1585,282475,0.0,1.0
1586,330662,0.0,0.0
1587,372416,2.0,0.0
1588,240932,3.0,0.0
1589,328362,3.0,1.0
1590,262614,4.0,0.0
1591,18963,2.0,1.0
1592,335967,5.0,0.0
1593,400090,3.0,0.0
1594,64873,0.0,1.0
1595,84607,0.0,0.0
1596,334211,3.0,0.0
1597,37535,5.0,0.0
1598,411914,4.0,1.0
1599,219935,3.0,0.0
1600,259755,4.0,1.0
1601,260022,0.0,1.0
1602,357573,7.0,0.0
1603,55770,3.0,1.0
1604,249828,0.0,0.0
1605,234612,3.0,0.0
1606,139131,0.0,0.0
1607,370369,3.0,0.0
1608,76120,0.0,0.0
1609,318298,4.0,0.0
1610,272236,0.0,0.0
1611,361691,2.0,0.0
1612,326156,6.0,0.0
1613,32543,3.0,1.0
1614,144977,2.0,1.0
1615,165734,3.0,0.0
1616,76161,0.0,0.0
1617,175822,5.0,2.0
1618,40379,2.0,1.0
1619,343634,0.0,0.0
1620,36486,2.0,0.0
1621,309171,3.0,0.0
1622,125892,0.0,0.0
1623,373704,,
1624,178992,5.0,0.0
1625,9552,4.0,1.0
1626,322741,7.0,0.0
1627,93652,6.0,
1628,210934,2.0,1.0
1629,81163,5.0,1.0
1630,287779,3.0,1.0
1631,159392,0.0,0.0
1632,362504,0.0,0.0
1633,69647,0.0,0.0
1634,11439,2.0,0.0
1635,217815,3.0,1.0
1636,414177,4.0,1.0
1637,182161,2.0,0.0
1638,322711,0.0,0.0
1639,183961,0.0,0.0
1640,120766,6.0,0.0
1641,143425,2.0,1.0
1642,339374,4.0,1.0
1643,408782,5.0,0.0
1644,376148,0.0,0.0
1645,128790,2.0,0.0
1646,303400,3.0,0.0
1647,265822,4.0,0.0
1648,401057,5.0,2.0
1649,335534,7.0,0.0
1650,381896,3.0,0.0
1651,200393,3.0,0.0
1652,69356,3.0,0.0
1653,333860,3.0,0.0
1654,70317,4.0,1.0
1655,144084,4.0,0.0
1656,415458,0.0,0.0
1657,14820,4.0,0.0
1658,267519,2.0,0.0
1659,238119,0.0,1.0
1660,33760,2.0,0.0
1661,197783,4.0,0.0
1662,398243,5.0,
1663,221351,2.0,1.0
1664,109995,4.0,0.0
1665,233457,2.0,0.0
1666,57411,2.0,1.0
1667,95782,2.0,0.0
1668,346153,0.0,0.0
1669,121751,3.0,0.0
1670,6566,5.0,0.0
1671,310196,3.0,1.0
1672,411167,2.0,0.0
1673,217145,4.0,1.0
1674,128624,4.0,0.0
1675,270327,2.0,1.0
1676,36102,3.0,0.0
1677,292122,4.0,1.0
1678,411945,4.0,0.0
1679,187804,0.0,
1680,42193,3.0,0.0
1681,72175,0.0,1.0
1682,34303,6.0,1.0
1683,219220,0.0,0.0
1684,326057,6.0,1.0
1685,298691,5.0,0.0
1686,102401,4.0,1.0
1687,115001,4.0,0.0
1688,19577,3.0,0.0
1689,399292,5.0,0.0
1690,152257,4.0,0.0
1691,327241,2.0,1.0
1692,163948,0.0,0.0
1693,397933,0.0,0.0
1694,18233,3.0,0.0
1695,402500,6.0,0.0
1696,261804,3.0,0.0
1697,159964,5.0,0.0
1698,189937,3.0,0.0
1699,159784,4.0,1.0
1700,166201,2.0,0.0
1701,176209,0.0,1.0
1702,64793,5.0,1.0
1703,240455,6.0,0.0
1704,131708,3.0,0.0
1705,277290,5.0,0.0
1706,110136,2.0,1.0
1707,331647,3.0,1.0
1708,73108,3.0,0.0
1709,95378,0.0,0.0
1710,265247,0.0,0.0
1711,183507,3.0,0.0
1712,144096,0.0,0.0
1713,151026,3.0,1.0
1714,204129,3.0,0.0
1715,21898,0.0,0.0
1716,7312,6.0,0.0
1717,254428,4.0,0.0
1718,206392,4.0,1.0
1719,224116,2.0,0.0
1720,422021,2.0,0.0
1721,372365,4.0,1.0
1722,316316,3.0,0.0
1723,356891,7.0,0.0
1724,48722,4.0,0.0
1725,308309,0.0,1.0
1726,170178,4.0,1.0
1727,19419,3.0,0.0
1728,268101,4.0,0.0
1729,327493,3.0,0.0
1730,362453,5.0,0.0
1731,195821,5.0,0.0
1732,224151,4.0,0.0
1733,218871,0.0,0.0
1734,354037,4.0,1.0
1735,76577,0.0,0.0
1736,353096,0.0,1.0
1737,168921,0.0,0.0
1738,288330,3.0,0.0
1739,190815,4.0,0.0
1740,19609,0.0,0.0
1741,277477,4.0,0.0
1742,46072,3.0,0.0
1743,365447,4.0,1.0
1744,295658,3.0,0.0
1745,1080,5.0,1.0
1746,164943,0.0,0.0
1747,108742,4.0,0.0
1748,423136,4.0,1.0
1749,215107,4.0,0.0
1750,116885,0.0,0.0
1751,395693,3.0,0.0
1752,294833,0.0,1.0
1753,298371,3.0,0.0
1754,380427,5.0,1.0
1755,287283,4.0,0.0
1756,320650,4.0,0.0
1757,156466,6.0,1.0
1758,101500,0.0,1.0
1759,162191,0.0,0.0
1760,119837,3.0,1.0
1761,250415,3.0,1.0
1762,229041,4.0,0.0
1763,309966,2.0,0.0
1764,48906,2.0,0.0
1765,13617,0.0,0.0
1766,50632,4.0,0.0
1767,15424,2.0,1.0
1768,94118,3.0,1.0
1769,180446,5.0,0.0
1770,398834,3.0,1.0
1771,239354,4.0,0.0
1772,7439,3.0,0.0
1773,406559,4.0,1.0
1774,23342,3.0,1.0
1775,419132,2.0,0.0
1776,361728,0.0,0.0
1777,342819,5.0,0.0
1778,110209,3.0,1.0
1779,152212,6.0,0.0
1780,408547,0.0,0.0
1781,247315,5.0,0.0
1782,322214,5.0,0.0
1783,116420,3.0,0.0
1784,139022,4.0,0.0
1785,18452,3.0,1.0
1786,332072,2.0,0.0
1787,301391,7.0,0.0
1788,250638,6.0,0.0
1789,117879,0.0,0.0
1790,230010,3.0,0.0
1791,293953,0.0,0.0
1792,408965,0.0,1.0
1793,37997,3.0,1.0
1794,37560,3.0,0.0
1795,243129,7.0,0.0
1796,242643,3.0,0.0
1797,201690,6.0,0.0
1798,57918,0.0,1.0
1799,346777,2.0,0.0
1800,379444,4.0,1.0
1801,134464,5.0,0.0
1802,1606,3.0,0.0
1803,310694,4.0,1.0
1804,359903,0.0,
1805,44771,3.0,0.0
1806,335453,6.0,0.0
1807,145032,4.0,0.0
1808,172794,3.0,0.0
1809,357651,7.0,1.0
1810,222276,3.0,1.0
1811,306522,4.0,0.0
1812,225209,3.0,0.0
1813,89795,0.0,1.0
1814,290369,3.0,0.0
1815,201539,2.0,0.0
1816,318281,2.0,1.0
1817,47322,2.0,1.0
1818,86787,5.0,0.0
1819,275541,5.0,1.0
1820,22168,6.0,0.0
1821,248272,2.0,0.0
1822,136960,0.0,0.0
1823,47030,4.0,1.0
1824,15803,0.0,0.0
1825,60890,3.0,0.0
1826,393203,5.0,0.0
1827,40223,0.0,0.0
1828,289862,3.0,1.0
1829,364446,4.0,0.0
1830,96237,5.0,1.0
1831,82564,0.0,1.0
1832,199045,4.0,0.0
1833,166291,3.0,1.0
1834,298972,3.0,1.0
1835,177214,4.0,2.0
1836,130487,0.0,0.0
1837,336056,4.0,2.0
1838,376256,0.0,0.0
1839,261824,3.0,0.0
1840,419693,2.0,0.0
1841,337265,5.0,1.0
1842,132363,3.0,1.0
1843,27945,5.0,0.0
1844,275310,3.0,2.0
1845,268858,2.0,0.0
1846,148546,0.0,1.0
1847,194516,3.0,0.0
1848,373043,0.0,1.0
1849,82514,3.0,0.0
1850,107885,4.0,0.0
1851,244680,5.0,0.0
1852,211020,3.0,1.0
1853,152697,2.0,1.0
1854,305532,6.0,0.0
1855,27130,3.0,1.0
1856,151870,5.0,0.0
1857,91349,0.0,1.0
1858,163853,3.0,1.0
1859,68766,6.0,0.0
1860,166572,4.0,0.0
1861,131505,4.0,0.0
1862,2010,4.0,0.0
1863,389598,6.0,0.0
1864,225027,2.0,0.0
1865,423780,6.0,0.0
1866,333988,0.0,0.0
1867,381460,0.0,0.0
1868,343111,0.0,0.0
1869,10892,0.0,1.0
1870,107060,0.0,0.0
1871,413531,3.0,0.0
1872,127368,3.0,0.0
1873,414042,4.0,1.0
1874,140464,3.0,0.0
1875,364222,0.0,1.0
1876,146407,5.0,0.0
1877,262147,3.0,0.0
1878,418606,5.0,1.0
1879,84377,2.0,0.0
1880,174758,0.0,0.0
1881,366455,6.0,0.0
1882,386238,5.0,0.0
1883,19647,5.0,0.0
1884,227604,0.0,0.0
1885,371280,3.0,0.0
1886,197481,4.0,0.0
1887,118771,0.0,1.0
1888,272893,3.0,0.0
1889,411436,3.0,0.0
1890,61744,0.0,0.0
1891,1402,6.0,0.0
1892,104369,4.0,1.0
1893,390767,6.0,0.0
1894,65946,6.0,1.0
1895,322773,6.0,1.0
1896,53997,2.0,1.0
1897,169713,0.0,0.0
1898,397572,6.0,0.0
1899,398845,5.0,0.0
1900,74536,0.0,0.0
1901,343757,4.0,0.0
1902,375536,0.0,0.0
1903,252179,3.0,1.0
1904,330353,0.0,0.0
1905,141024,3.0,0.0
1906,306417,6.0,0.0
1907,198669,4.0,1.0
1908,88398,6.0,1.0
1909,39516,4.0,0.0
1910,16621,0.0,0.0
1911,396787,3.0,0.0
1912,201829,6.0,1.0
1913,24172,2.0,0.0
1914,64706,4.0,0.0
1915,169175,2.0,1.0
1916,260144,3.0,2.0
1917,212336,6.0,0.0
1918,195443,4.0,0.0
1919,136316,0.0,0.0
1920,91262,3.0,0.0
1921,324306,4.0,2.0
1922,55299,4.0,2.0
1923,214078,2.0,0.0
1924,370000,0.0,0.0
1925,342100,2.0,1.0
1926,93137,5.0,1.0
1927,197330,2.0,1.0
1928,219446,0.0,0.0
1929,280124,6.0,0.0
1930,132129,2.0,0.0
1931,121920,5.0,0.0
1932,43687,6.0,0.0
1933,165097,4.0,2.0
1934,418558,0.0,0.0
1935,148801,6.0,0.0
1936,209774,4.0,2.0
1937,152877,2.0,1.0
1938,294987,0.0,0.0
1939,47709,4.0,0.0
1940,320899,0.0,0.0
1941,308455,2.0,1.0
1942,99583,4.0,0.0
1943,352516,3.0,0.0
1944,414232,4.0,0.0
1945,61768,0.0,0.0
1946,271022,0.0,0.0
1947,355628,3.0,1.0
1948,72275,4.0,0.0
1949,121236,3.0,1.0
1950,68280,2.0,0.0
1951,88830,3.0,1.0
1952,344194,0.0,0.0
1953,180892,5.0,0.0
1954,305071,5.0,0.0
1955,338362,7.0,0.0
1956,90811,2.0,1.0
1957,964,4.0,1.0
1958,231922,0.0,0.0
1959,322123,3.0,0.0
1960,55868,3.0,0.0
1961,86421,4.0,0.0
1962,294045,2.0,1.0
1963,142296,4.0,0.0
1964,43485,3.0,1.0
1965,140526,5.0,0.0
1966,211666,2.0,1.0
1967,87865,2.0,1.0
1968,47188,3.0,0.0
1969,180598,3.0,0.0
1970,92281,0.0,1.0
1971,180968,7.0,0.0
1972,172689,0.0,1.0
1973,96831,4.0,0.0
1974,291154,0.0,0.0
1975,421772,3.0,0.0
1976,235919,5.0,0.0
1977,328649,4.0,1.0
1978,348905,2.0,1.0
1979,269180,5.0,1.0
1980,298398,0.0,0.0
1981,321786,4.0,0.0
1982,14892,0.0,0.0
1983,405561,5.0,0.0
1984,326223,0.0,0.0
1985,250977,2.0,1.0
1986,223000,4.0,1.0
1987,400268,4.0,2.0
1988,186677,,
1989,214847,2.0,1.0
1990,149556,3.0,0.0
1991,201816,0.0,0.0
1992,339655,3.0,1.0
1993,58588,3.0,0.0
1994,358381,6.0,1.0
1995,115447,3.0,1.0
1996,309911,7.0,0.0
1997,204695,0.0,1.0
1998,402863,3.0,0.0
1999,361655,3.0,1.0
2000,225491,3.0,1.0
2001,222170,2.0,1.0
2002,320582,3.0,0.0
2003,46470,0.0,0.0
2004,408531,0.0,1.0
2005,352405,3.0,0.0
2006,249265,2.0,0.0
2007,7255,6.0,0.0
2008,414823,6.0,0.0
2009,147233,4.0,0.0
2010,27686,4.0,0.0
2011,341354,0.0,0.0
2012,46728,2.0,0.0
2013,318444,5.0,0.0
2014,279816,0.0,1.0
2015,102016,4.0,1.0
2016,90826,6.0,0.0
2017,4330,3.0,0.0
2018,376870,2.0,1.0
2019,239037,0.0,0.0
2020,153414,2.0,1.0
2021,351706,5.0,0.0
2022,385534,0.0,2.0
2023,139594,2.0,0.0
2024,136868,0.0,0.0
2025,402446,5.0,2.0
2026,176183,0.0,0.0
2027,267711,5.0,0.0
2028,257802,3.0,0.0
2029,30774,2.0,1.0
2030,304986,3.0,0.0
2031,291429,,
2032,418435,5.0,1.0
2033,361006,3.0,1.0
2034,103483,4.0,0.0
2035,145043,5.0,0.0
2036,422936,3.0,0.0
2037,172115,6.0,1.0
2038,61526,4.0,0.0
2039,245265,4.0,0.0
2040,232933,4.0,1.0
2041,411679,3.0,0.0
2042,333491,2.0,0.0
2043,233148,3.0,0.0
2044,325353,3.0,0.0
2045,128523,6.0,2.0
2046,126504,5.0,
2047,272836,4.0,0.0
2048,98080,0.0,1.0
2049,303154,2.0,0.0
2050,230303,3.0,1.0
2051,18374,0.0,1.0
2052,4106,0.0,0.0
2053,364871,4.0,0.0
2054,116339,2.0,0.0
2055,220286,3.0,0.0
2056,144837,0.0,0.0
2057,275754,4.0,1.0
2058,73618,3.0,0.0
2059,403090,0.0,1.0
2060,353257,2.0,0.0
2061,212740,2.0,1.0
2062,101902,0.0,0.0
2063,176470,5.0,0.0
2064,288920,4.0,1.0
2065,372827,0.0,0.0
2066,243824,3.0,1.0
2067,129186,3.0,0.0
2068,307938,0.0,1.0
2069,181746,4.0,0.0
2070,172566,6.0,0.0
2071,70707,0.0,0.0
2072,287295,3.0,0.0
2073,254107,3.0,0.0
2074,41404,8.0,1.0
2075,301246,3.0,0.0
2076,80602,0.0,0.0
2077,176731,0.0,0.0
2078,186047,8.0,1.0
2079,401636,4.0,0.0
2080,255473,4.0,1.0
2081,345596,3.0,0.0
2082,382229,0.0,1.0
2083,303431,5.0,0.0
2084,303176,3.0,0.0
2085,32418,3.0,0.0
2086,103659,0.0,0.0
2087,60322,4.0,0.0
2088,300022,4.0,0.0
2089,58666,3.0,0.0
2090,307598,3.0,0.0
2091,104348,4.0,0.0
2092,317378,3.0,0.0
2093,346070,3.0,0.0
2094,141839,3.0,0.0
2095,387866,2.0,0.0
2096,213371,2.0,1.0
